"Country, State",Lat,Long_,Incidence_Rate,Case-Fatality_Ratio,Confirmed,Deaths,Recovered,Active,Country
Afghanistan,33.93911,67.709953,61.91376097943655,1.8712140071363368,24102,451,4201,19450,Afghanistan
Albania,41.1533,20.1683,50.87219403711168,2.459016393442623,1464,36,1039,389,Albania
Algeria,28.0339,1.6596,24.65163713437785,7.030527289546717,10810,760,7420,2630,Algeria
Andorra,42.5063,1.5218,1103.992752216398,5.9788980070339965,853,51,781,21,Andorra
Angola,-11.2027,17.8739,0.41988338925490415,4.3478260869565215,138,6,61,71,Angola
Antigua and Barbuda,17.0608,-61.7964,26.550118454374644,11.538461538461537,26,3,20,3,Antigua and Barbuda
Argentina,-38.4161,-63.6167,67.03059889865375,2.6902129064202014,30295,815,9083,20397,Argentina
Armenia,40.0691,45.0382,540.0855956701361,1.6495876030992251,16004,264,6081,9659,Armenia
"Australia, Australian Capital Territory",-35.4735,149.0124,25.227750525578127,2.7777777777777777,108,3,104,1,Australia
"Australia, New South Wales",-33.8688,151.2093,38.531658043853156,1.5345268542199488,3128,48,2766,314,Australia
"Australia, Northern Territory",-12.4634,130.8456,11.807817589576548,0.0,29,0,29,0,Australia
"Australia, Queensland",-27.4698,153.0251,20.81907926888867,0.5633802816901409,1065,6,1051,8,Australia
"Australia, South Australia",-34.9285,138.6007,25.04981497295759,0.9090909090909092,440,4,436,0,Australia
"Australia, Tasmania",-42.8821,147.3272,42.57703081232493,5.701754385964912,228,13,213,2,Australia
"Australia, Victoria",-37.8136,144.9631,25.943076064495692,1.1046511627906976,1720,19,1657,44,Australia
"Australia, Western Australia",-31.9505,115.8605,22.88451303885045,1.495016611295681,602,9,582,11,Australia
Austria,47.5162,14.5501,189.62071415882042,3.964164422063473,17078,677,16012,389,Austria
Azerbaijan,40.1431,47.5769,94.38637758989269,1.2016718913270636,9570,115,5309,4146,Azerbaijan
Bahamas,25.025885,-78.035889,26.192123036862235,10.679611650485436,103,11,68,24,Bahamas
Bahrain,26.0275,50.55,1040.9718479792052,0.20888612883193136,17713,37,12191,5485,Bahrain
Bangladesh,23.685,90.3563,51.23523961468725,1.3498619324713494,84379,1139,17828,65412,Bangladesh
Barbados,13.1939,-59.5432,33.40629360652258,7.291666666666668,96,7,83,6,Barbados
Belarus,53.7098,27.9534,563.4373094109089,0.5691102721586747,53241,303,29111,23827,Belarus
Belgium,50.8333,4.469936,516.9972844656803,16.105343970092463,59918,9650,16547,33721,Belgium
Belize,17.1899,-88.4976,5.02991542197218,10.0,20,2,16,2,Belize
Benin,9.3077,2.3158,3.3984432160556977,1.4563106796116505,412,6,222,184,Benin
Bhutan,27.5142,90.4336,8.553521718169236,0.0,66,0,21,45,Bhutan
Bolivia,-16.2902,-63.5887,152.8480739660631,3.2787804057841052,17842,585,2768,14489,Bolivia
Bosnia and Herzegovina,43.9159,17.6791,88.1793091045975,5.634289664707914,2893,163,2119,611,Bosnia and Herzegovina
Botswana,-22.3285,24.6849,2.551427204592569,1.6666666666666667,60,1,24,35,Botswana
"Brazil, Acre",-9.0238,-70.812,1081.0320488471373,2.6851269142018044,9534,256,5043,4235,Brazil
"Brazil, Alagoas",-9.5713,-36.782,625.8545309956352,3.4614832192272704,20887,723,13761,6403,Brazil
"Brazil, Amapa",0.902,-52.003,1929.9280740566446,1.954417350814851,16322,319,7311,8692,Brazil
"Brazil, Amazonas",-3.4168,-65.8561,1351.784021462159,4.399742976475208,56026,2465,45238,8323,Brazil
"Brazil, Bahia",-12.5797,-41.7007,240.62291401422058,2.9870347602548337,35788,1069,15279,19440,Brazil
"Brazil, Ceara",-5.4984,-39.3206,836.9289005196846,6.318282327388817,76429,4829,54956,16644,Brazil
"Brazil, Distrito Federal",-15.7998,-47.8645,728.2603072098401,1.3343048408397469,21959,293,12483,9183,Brazil
"Brazil, Espirito Santo",-19.1834,-40.3089,645.2913291777089,3.9410766620391793,25932,1022,14224,10686,Brazil
"Brazil, Goias",-15.827,-49.8362,113.13193948324637,2.619647355163728,7940,208,0,7732,Brazil
"Brazil, Maranhao",-4.9609,-45.2744,831.9080458860345,2.4397288435073654,58859,1436,33561,23862,Brazil
"Brazil, Mato Grosso",-12.6819,-56.9211,158.53218254963605,3.4757422157856626,5524,192,2042,3290,Brazil
"Brazil, Mato Grosso do Sul",-20.7722,-54.7852,116.40936658191151,0.865533230293663,3235,28,1701,1506,Brazil
"Brazil, Minas Gerais",-18.5122,-44.555,97.37920318642666,2.20238672746677,20614,454,10647,9513,Brazil
"Brazil, Para",-1.9981,-54.9306,796.3626071082133,6.09692015764122,68510,4177,55864,8469,Brazil
"Brazil, Paraiba",-7.24,-36.782,683.2536652027176,2.2692503824579298,27454,623,6477,20354,Brazil
"Brazil, Parana",-25.2521,-52.0215,80.75069724330781,3.3791833640203617,9233,312,3044,5877,Brazil
"Brazil, Pernambuco",-8.8137,-36.9541,467.4130808487245,8.470819995075107,44671,3784,27903,12984,Brazil
"Brazil, Piaui",-7.7183,-42.7289,300.1625001871242,3.4096692111959284,9825,335,681,8809,Brazil
"Brazil, Rio Grande do Norte",-5.4026,-36.9541,393.2015399561943,3.8653999564870554,13789,533,1993,11263,Brazil
"Brazil, Rio Grande do Sul",-30.0346,-51.2177,128.56370513091971,2.3518151363916044,14627,344,12027,2256,Brazil
"Brazil, Rio de Janeiro",-22.9068,-43.1729,456.6247337161785,9.63011822010249,78836,7592,62375,8869,Brazil
"Brazil, Rondonia",-11.5057,-63.5806,658.8923743476488,2.6387702818104186,11710,309,4142,7259,Brazil
"Brazil, Roraima",-2.7376,-62.0751,1129.4883625720374,2.8792750657702433,6842,197,1754,4891,Brazil
"Brazil, Santa Catarina",-27.2423,-50.2189,185.57422773709428,1.451564380264741,13296,193,9218,3885,Brazil
"Brazil, Sao Paulo",-23.5505,-46.6333,376.47774456304603,6.12060737527115,172875,10581,49295,112999,Brazil
"Brazil, Sergipe",-10.5741,-37.3857,559.7086348086045,2.456085807554796,12866,316,4732,7818,Brazil
"Brazil, Tocantins",-10.1753,-48.2982,440.66055213858016,1.8756312220458808,6931,130,3685,3116,Brazil
Brunei,4.5353,114.7277,32.229823787438605,1.4184397163120568,141,2,138,1,Brunei
Bulgaria,42.7339,25.4858,47.0033223260744,5.2663808940600125,3266,172,1723,1371,Bulgaria
Burkina Faso,12.2383,-1.5616,4.2672732956046415,5.941704035874438,892,53,799,40,Burkina Faso
Burma,21.9162,95.956,0.4796930493800436,2.2988505747126435,261,6,167,88,Burma
Burundi,-3.3731,29.9189,0.7148395046549088,1.1764705882352942,85,1,45,39,Burundi
Cabo Verde,16.5388,-23.0418,130.57835780628358,0.8264462809917356,726,6,294,426,Cabo Verde
Cambodia,11.55,104.9167,0.765597356440178,0.0,128,0,125,3,Cambodia
Cameroon,3.848,11.5021,32.70189284477612,2.4421149637138577,8681,212,4836,3633,Cameroon
"Canada, Alberta",53.9333,-116.5765,167.295620856414,2.031694433157253,7383,150,6830,403,Canada
"Canada, British Columbia",53.7267,-127.6476,53.0041869198815,6.2015503875969005,2709,168,2354,187,Canada
"Canada, Diamond Princess",,,,,0,1,0,-1,Canada
"Canada, Grand Princess",,,,0.0,13,0,13,0,Canada
"Canada, Manitoba",53.7609,-98.8139,21.996098777728328,2.31023102310231,303,7,289,7,Canada
"Canada, New Brunswick",46.5653,-66.4619,20.128385767564577,1.2738853503184713,157,2,126,29,Canada
"Canada, Newfoundland and Labrador",53.1355,-57.6604,50.06089783548954,1.1494252873563218,261,3,256,2,Canada
"Canada, Northwest Territories",64.8255,-124.8457,11.134865490824868,0.0,5,0,5,0,Canada
"Canada, Nova Scotia",44.682,-63.7443,108.54697444491163,5.843543826578699,1061,62,996,3,Canada
"Canada, Ontario",51.2538,-85.3232,228.55760878645458,7.678810408921933,33625,2582,27036,4007,Canada
"Canada, Prince Edward Island",46.5107,-63.4168,17.071536058877832,0.0,27,0,27,0,Canada
"Canada, Quebec",52.9399,-73.5491,630.4293183365868,9.651828180737217,53824,5195,21281,27348,Canada
"Canada, Saskatchewan",52.9399,-106.4509,56.19185116606554,1.9578313253012047,664,13,627,24,Canada
"Canada, Yukon",64.2823,-135.0,26.778324163785967,0.0,11,0,11,0,Canada
Central African Republic,6.6111,20.9394,42.59007272405029,0.3403014098201264,2057,7,363,1687,Central African Republic
Chad,15.4542,18.7322,5.162591496736943,8.49056603773585,848,72,718,58,Chad
"Chile, Antofagasta",-23.6509,-70.3975,664.6541592733904,1.6592372461614662,4038,67,0,3971,Chile
"Chile, Araucania",-38.9489,-72.3311,276.31985825679254,1.3610586011342154,2645,36,0,2609,Chile
"Chile, Arica y Parinacota",-18.594,-69.4785,469.77015765168005,0.9416195856873822,1062,10,0,1052,Chile
"Chile, Atacama",-27.5661,-70.0503,150.89429093526775,0.0,436,0,0,436,Chile
"Chile, Aysen",-45.9864,-73.7669,23.265282382364923,0.0,24,0,0,24,Chile
"Chile, Biobio",-37.4464,-72.1416,209.9813399879882,0.4894463138574488,3269,16,0,3253,Chile
"Chile, Coquimbo",-29.959,-71.3389,199.58130166080159,0.5291005291005291,1512,8,0,1504,Chile
"Chile, Los Lagos",-41.9198,-72.1416,133.70210013659818,1.1732851985559567,1108,13,0,1095,Chile
"Chile, Los Rios",-40.231,-72.3311,126.5470835704467,1.8480492813141685,487,9,0,478,Chile
"Chile, Magallanes",-52.368,-70.9863,674.3408213387138,1.3357079252003559,1123,15,0,1108,Chile
"Chile, Maule",-35.5183,-71.6885,272.1661323508302,0.7032348804500703,2844,20,0,2824,Chile
"Chile, Metropolitana",-33.4376,-70.6505,1894.4838662874072,1.989595624522267,134751,2681,0,132070,Chile
"Chile, Nuble",-36.7226,-71.7622,361.41645287541434,1.266551525618883,1737,22,0,1715,Chile
"Chile, OHiggins",-34.5755,-71.0022,195.50491769221097,1.7897091722595078,1788,32,0,1756,Chile
"Chile, Tarapaca",-19.9232,-69.5132,1211.2851602441929,1.2987012987012987,4004,52,0,3952,Chile
"Chile, Unknown",,,,,0,0,137296,-137296,Chile
"Chile, Valparaiso",-33.0472,-71.6127,359.43569641974074,1.8385169296767276,6527,120,0,6407,Chile
"China, Anhui",31.8257,117.2264,1.5670461733080334,0.6054490413723511,991,6,985,0,China
"China, Beijing",40.1824,116.4142,2.9572887650882076,1.41287284144427,637,9,584,44,China
"China, Chongqing",30.0572,107.874,1.8697614442295292,1.0344827586206895,580,6,573,1,China
"China, Fujian",26.0789,117.9874,0.9160111646790154,0.2770083102493075,361,1,356,4,China
"China, Gansu",35.7518,104.2861,0.5271141448615851,1.4388489208633093,139,2,137,0,China
"China, Guangdong",23.3417,113.4244,1.4322228098008112,0.4923076923076923,1625,8,1590,27,China
"China, Guangxi",23.8298,108.7881,0.5156313438895656,0.7874015748031497,254,2,252,0,China
"China, Guizhou",26.8154,106.8748,0.4083333333333333,1.3605442176870748,147,2,145,0,China
"China, Hainan",19.1959,109.7453,1.8308351177730195,3.5087719298245608,171,6,162,3,China
"China, Hebei",37.8957,114.9042,0.4340921122286924,1.8292682926829267,328,6,322,0,China
"China, Heilongjiang",47.861999999999995,127.7615,2.5099390405512856,1.372756071805702,947,13,934,0,China
"China, Henan",33.882,113.61399999999999,1.3284747527329517,1.7241379310344829,1276,22,1254,0,China
"China, Hong Kong",22.3,114.2,14.792607377789588,0.3606853020739405,1109,4,1061,44,China
"China, Hubei",30.9756,112.2707,115.15125908399528,6.622147207749322,68135,4512,63623,0,China
"China, Hunan",27.6104,111.7088,1.4770256558921582,0.3925417075564279,1019,4,1015,0,China
"China, Inner Mongolia",44.0935,113.9448,0.9352801894238358,0.4219409282700422,237,1,232,4,China
"China, Jiangsu",32.9711,119.455,0.8110793690224817,0.0,653,0,653,0,China
"China, Jiangxi",27.614,115.7221,2.0051635111876074,0.1072961373390558,932,1,931,0,China
"China, Jilin",43.6661,126.1923,0.5732248520710059,1.2903225806451613,155,2,153,0,China
"China, Liaoning",41.2956,122.6085,0.3464097270016059,1.3245033112582782,151,2,147,2,China
"China, Macau",22.1667,113.55,6.930092308829553,0.0,45,0,45,0,China
"China, Ningxia",37.2692,106.1655,1.0901162790697674,0.0,75,0,75,0,China
"China, Qinghai",35.7452,95.9956,0.29850746268656714,0.0,18,0,18,0,China
"China, Shaanxi",35.1917,108.8701,0.8048654244306418,0.964630225080386,311,3,306,2,China
"China, Shandong",36.3427,118.1498,0.7882950134368468,0.8838383838383839,792,7,782,3,China
"China, Shanghai",31.201999999999998,121.4491,2.8506600660066006,1.0130246020260492,691,7,666,18,China
"China, Shanxi",37.5777,112.2922,0.5325443786982249,0.0,198,0,198,0,China
"China, Sichuan",30.6171,102.7103,0.6989569595971706,0.5145797598627787,583,3,563,17,China
"China, Tianjin",39.3054,117.323,1.2564102564102564,1.5306122448979589,196,3,189,4,China
"China, Tibet",31.6927,88.0924,0.02906976744186046,0.0,1,0,1,0,China
"China, Xinjiang",41.1129,85.2401,0.30558906312826695,3.947368421052632,76,3,73,0,China
"China, Yunnan",24.974,101.48700000000001,0.3830227743271222,1.0810810810810811,185,2,183,0,China
"China, Zhejiang",29.1832,120.0934,2.2102143977688686,0.07886435331230282,1268,1,1267,0,China
"Colombia, Amazonas",-1.4429,-71.5724,2730.1570721644102,3.634624581539933,2091,76,1209,806,Colombia
"Colombia, Antioquia",7.1986,-75.3412,27.81288638763672,0.5611672278338945,1782,10,703,1069,Colombia
"Colombia, Arauca",7.0762,-70.7105,0.7628521516244936,0.0,2,0,1,1,Colombia
"Colombia, Atlantico",10.6966,-74.8741,339.0629997747994,4.140979411422589,8597,356,2596,5645,Colombia
"Colombia, Bolivar",8.6704,-74.03,229.69793875687762,4.416403785488959,4755,210,1577,2968,Colombia
"Colombia, Boyaca",5.4545,-73.362,19.385957994900508,5.932203389830509,236,14,144,78,Colombia
"Colombia, Caldas",5.2983,-75.2479,19.13338776164407,4.18848167539267,191,8,125,58,Colombia
"Colombia, Capital District",4.711,-74.0721,201.54963881603211,2.5568942436412314,14940,382,6429,8129,Colombia
"Colombia, Caqueta",0.8699,-73.8419,6.2268206600928035,8.0,25,2,21,2,Colombia
"Colombia, Casanare",5.7589,-71.5724,8.798965051462055,0.0,37,0,33,4,Colombia
"Colombia, Cauca",2.705,-76.82600000000002,11.539869223919895,4.733727810650888,169,8,71,90,Colombia
"Colombia, Cesar",9.3373,-73.6536,41.97991960512222,2.7777777777777777,504,14,72,418,Colombia
"Colombia, Choco",5.2528,-76.82600000000002,108.82043879691713,2.7491408934707904,582,16,125,441,Colombia
"Colombia, Cordoba",8.0493,-75.574,13.895246649032405,5.241935483870968,248,13,71,164,Colombia
"Colombia, Cundinamarca",5.026,-74.03,56.3195001130501,2.4939172749391734,1644,41,494,1109,Colombia
"Colombia, Guainia",2.5854,-68.5247,14.548779980878749,14.285714285714285,7,1,0,6,Colombia
"Colombia, Guaviare",1.0654,-73.2603,2.4164220039387683,0.0,2,0,0,2,Colombia
"Colombia, Huila",2.5359,-75.5277,24.26421273989309,4.868913857677903,267,13,227,27,Colombia
"Colombia, La Guajira",11.3548,-72.5205,13.059870991187424,6.956521739130435,115,8,47,60,Colombia
"Colombia, Magdalena",10.4113,-74.4057,63.350291336810386,6.470588235294117,850,55,425,370,Colombia
"Colombia, Meta",3.272,-73.0877,97.1413512458138,1.188118811881188,1010,12,939,59,Colombia
"Colombia, Narino",1.2892,-77.3579,126.15050239422249,3.6460865337870687,2057,75,672,1310,Colombia
"Colombia, Norte de Santander",7.9463,-72.8988,9.921639162050537,9.459459459459461,148,14,108,26,Colombia
"Colombia, Putumayo",0.436,-75.5277,3.4464733960974434,16.666666666666668,12,2,3,7,Colombia
"Colombia, Quindio",4.461,-75.6674,22.967045993361783,4.032258064516129,124,5,96,23,Colombia
"Colombia, Risaralda",5.3158,-75.9928,32.6478348019559,3.571428571428572,308,11,234,63,Colombia
"Colombia, San Andres y Providencia",12.5567,-81.7185,29.373368146214094,0.0,18,0,17,1,Colombia
"Colombia, Santander",6.6437,-73.6536,9.657471015000203,4.265402843601897,211,9,54,148,Colombia
"Colombia, Sucre",8.814,-74.7233,21.660737592320604,2.5510204081632653,196,5,6,185,Colombia
"Colombia, Tolima",4.0925,-75.1545,25.785848155184198,3.7900874635568513,343,13,207,123,Colombia
"Colombia, Unknown",,,,0.0,68,0,0,68,Colombia
"Colombia, Valle del Cauca",3.8009,-76.6413,121.60720804774742,4.593055300385816,5443,250,2032,3161,Colombia
"Colombia, Vaupes",0.8554,-70.812,26.962766870113,0.0,11,0,11,0,Colombia
"Colombia, Vichada",4.4234,-69.2878,0.9275749480558028,0.0,1,0,0,1,Colombia
Comoros,-11.6455,43.3333,20.239306803741968,1.1363636363636365,176,2,114,60,Comoros
Congo (Brazzaville),-0.228,15.8277,13.192965974470885,3.2967032967032965,728,24,221,483,Congo (Brazzaville)
Congo (Kinshasa),-4.0383,21.7587,5.274593506819076,2.243861134631668,4724,106,595,4023,Congo (Kinshasa)
Costa Rica,9.7489,-83.7534,32.62588940883538,0.7220216606498195,1662,12,743,907,Costa Rica
Cote d'Ivoire,7.54,-5.5471,18.37876055200729,0.9282178217821784,4848,45,2397,2406,Cote d'Ivoire
Croatia,45.1,15.2,54.83198660842605,4.7534429142603285,2251,107,2134,10,Croatia
Cuba,21.521757,-77.78116700000002,19.75876996271437,3.7533512064343166,2238,84,1923,231,Cuba
Cyprus,35.1264,33.4299,81.16876394052815,1.836734693877551,980,18,807,155,Cyprus
Czechia,49.8175,15.473,93.29551585762309,3.282954659193274,9991,328,7219,2444,Czechia
Denmark,56.2639,9.5018,209.57483706976433,4.918032786885246,12139,597,11035,507,Denmark
"Denmark, Faroe Islands",61.8926,-6.9118,382.686994781541,0.0,187,0,187,0,Denmark
"Denmark, Greenland",71.7069,-42.6043,22.898611991826957,0.0,13,0,13,0,Denmark
Diamond Princess,,,,1.8258426966292132,712,13,651,48,Diamond Princess
Djibouti,11.8251,42.5903,450.30273218070414,0.921555405709148,4449,41,2823,1585,Djibouti
Dominica,15.415,-61.371,25.003125390673837,0.0,18,0,16,2,Dominica
Dominican Republic,18.7357,-70.1627,208.0770626288728,2.5562643983696614,22572,577,13084,8911,Dominican Republic
Ecuador,-1.8312,-78.1834,262.74353768563964,8.35706273190094,46356,3874,22865,19617,Ecuador
Egypt,26.820553000000004,30.802498,41.99956098830224,3.452768729641694,42980,1484,11529,29967,Egypt
El Salvador,13.7942,-88.8965,55.5486948369315,1.9983347210657785,3603,72,1738,1793,El Salvador
Equatorial Guinea,1.6508,10.2679,93.08723899400208,0.9188361408882084,1306,12,200,1094,Equatorial Guinea
Eritrea,15.1794,39.7823,1.83283062079101,0.0,65,0,39,26,Eritrea
Estonia,58.5953,25.0136,148.7329057042424,3.4972123669538773,1973,69,1705,199,Estonia
Eswatini,-26.5225,31.4659,41.89062925586383,0.6172839506172839,486,3,247,236,Eswatini
Ethiopia,9.145,40.4897,2.753915559503743,1.737207833228048,3166,55,495,2616,Ethiopia
Fiji,-17.7134,178.065,2.0079335686334003,0.0,18,0,18,0,Fiji
Finland,61.92411,25.748151,127.90761052989883,4.585861436432905,7087,325,6200,562,Finland
France,46.2276,2.2137,290.02729315376814,15.497778787286528,189311,29339,69783,90189,France
"France, French Guiana",4.0,-53.0,388.70772259459886,0.17226528854435832,1161,2,520,639,France
"France, French Polynesia",-17.6797,-149.4068,21.359610400706288,0.0,60,0,60,0,France
"France, Guadeloupe",16.265,-61.551,42.73643118309936,8.187134502923977,171,14,157,0,France
"France, Martinique",14.6415,-61.0242,53.828627769709406,6.9306930693069315,202,14,98,90,France
"France, Mayotte",-12.8275,45.166244,836.4704028033855,1.2269938650306749,2282,28,1790,464,France
"France, New Caledonia",-20.904305,165.618042,7.355748517466401,0.0,21,0,20,1,France
"France, Reunion",-21.1151,55.5364,54.61807556729081,0.20449897750511248,489,1,460,28,France
"France, Saint Barthelemy",17.9,-62.8333,60.69802731411229,0.0,6,0,6,0,France
"France, Saint Pierre and Miquelon",46.8852,-56.3159,17.25625539257981,0.0,1,0,1,0,France
"France, St Martin",18.0708,-63.0501,108.64223078713884,7.142857142857142,42,3,36,3,France
Gabon,-0.8037,11.6094,155.5895419386376,0.6641640196361536,3463,23,1024,2416,Gabon
Gambia,13.4432,-15.3101,1.1586219681345855,3.571428571428572,28,1,24,3,Gambia
Georgia,42.3154,43.3569,21.33273170517713,1.645123384253819,851,14,702,135,Georgia
"Germany, Baden-Wurttemberg",48.6616,9.3501,317.03234454425495,5.143329344047416,35094,1805,32800,489,Germany
"Germany, Bayern",48.7904,11.4979,364.1050382584442,5.334677504043014,47613,2540,44200,873,Germany
"Germany, Berlin",52.52,13.405,199.762622413251,2.8567504463672573,7281,208,6627,446,Germany
"Germany, Brandenburg",52.4125,12.5316,132.40883357212834,5.111244738424534,3326,170,3100,56,Germany
"Germany, Bremen",53.0793,8.8017,231.92276269206104,2.8409090909090913,1584,45,1400,139,Germany
"Germany, Hamburg",53.5511,9.9937,279.11463252622366,4.9620548744892,5139,255,4800,84,Germany
"Germany, Hessen",50.6521,9.1624,164.7193522815649,4.7572909601782785,10321,491,9500,330,Germany
"Germany, Mecklenburg-Vorpommern",53.6127,12.4296,48.581235342538086,2.557544757033248,782,20,739,23,Germany
"Germany, Niedersachsen",52.6367,9.8451,160.77774637554796,4.799750662303257,12834,616,11300,918,Germany
"Germany, Nordrhein-Westfalen",51.4332,7.6616,218.24436331248515,4.198073434346015,39137,1643,36100,1394,Germany
"Germany, Rheinland-Pfalz",50.1183,7.309,167.3992935837941,3.37818075460661,6838,231,6437,170,Germany
"Germany, Saarland",49.3964,7.023,279.654197993153,6.137184115523466,2770,170,2600,0,Germany
"Germany, Sachsen",51.1045,13.2017,131.09569863389257,4.09652076318743,5346,219,5000,127,Germany
"Germany, Sachsen-Anhalt",51.9503,11.6923,78.5664765222085,3.2276657060518734,1735,56,1627,52,Germany
"Germany, Schleswig-Holstein",54.2194,9.6961,107.70832585358849,4.807692307692308,3120,150,2900,70,Germany
"Germany, Thuringen",51.011,10.8453,147.26021804404277,5.513307984790875,3156,174,2840,142,Germany
"Germany, Unknown",,,,0.0,1191,0,0,1191,Germany
Ghana,7.9465,-1.0232,35.78032272126121,0.4317323259579061,11118,48,3979,7091,Ghana
Greece,39.0742,21.8243,29.856886502384715,5.8804627249357315,3112,183,1374,1555,Greece
Grenada,12.1165,-61.679,20.44099218798603,0.0,23,0,22,1,Grenada
Guatemala,15.7835,-90.2308,52.97627476707826,3.8668211990306607,9491,367,1804,7320,Guatemala
Guinea,9.9456,-9.6966,34.14353931745816,0.5575379125780553,4484,25,3213,1246,Guinea
Guinea-Bissau,11.8037,-15.1804,74.18706726327973,1.0273972602739727,1460,15,153,1292,Guinea-Bissau
Guyana,4.860416000000002,-58.93018000000001,20.214631070269363,7.547169811320754,159,12,95,52,Guyana
Haiti,18.9712,-72.2852,36.526971682520006,1.680672268907563,4165,70,24,4071,Haiti
Holy See,41.9029,12.4534,1483.3127317676144,0.0,12,0,12,0,Holy See
Honduras,15.2,-86.2419,85.36430719923493,3.6664695446481366,8455,310,894,7251,Honduras
Hungary,47.1625,19.5033,42.068869140352064,13.75492125984252,4064,559,2476,1029,Hungary
Iceland,64.9631,-19.0208,529.8168498168499,0.5530973451327433,1808,10,1794,4,Iceland
"India, Andaman and Nicobar Islands",11.225999,92.968178,9.111923191283246,0.0,38,0,33,5,India
"India, Andhra Pradesh",15.9129,79.74,10.53737006870792,1.4084507042253518,5680,80,3105,2495,India
"India, Arunachal Pradesh",27.768456,96.384277,4.266271367970363,0.0,67,0,4,63,India
"India, Assam",26.357149,92.830441,9.823900268708108,0.2287021154945683,3498,8,1537,1953,India
"India, Bihar",25.679658,85.60484,4.890227258628341,0.5898738325413729,6103,36,3587,2480,India
"India, Chandigarh",30.733839,76.76827800000002,28.83105605396069,1.497005988023952,334,5,286,43,India
"India, Chhattisgarh",21.264705,82.035366,4.854561713420444,0.4198740377886634,1429,6,550,873,India
"India, Dadra and Nagar Haveli and Daman and Diu",20.194742,73.080901,4.872312919424937,0.0,30,0,2,28,India
"India, Delhi",28.646519,77.10898,196.80483944083568,3.296762980664784,36824,1214,13398,22212,India
"India, Goa",15.359682,74.057396,29.188337273443658,0.0,463,0,69,394,India
"India, Gujarat",22.694884,71.590923,35.26875513161797,6.2813512673680485,22527,1415,15493,5619,India
"India, Haryana",29.20004,76.332824,22.4572564025872,1.1051468266498263,6334,70,2475,3789,India
"India, Himachal Pradesh",31.927213,77.233081,6.521778513155272,1.2345679012345678,486,6,297,183,India
"India, Jammu and Kashmir",33.75943,76.612638,34.76325707465355,1.120507399577167,4730,53,2086,2591,India
"India, Jharkhand",23.654536,85.557631,4.1897760757722935,0.494743351886209,1617,8,672,937,India
"India, Karnataka",14.70518,76.166436,9.644376779218042,1.2124002455494167,6516,79,3440,2997,India
"India, Kerala",10.450898,76.405749,6.504303162377071,0.8182601205857021,2322,19,1000,1303,India
"India, Ladakh",34.1526,77.5771,87.13437286949167,0.41841004184100417,239,1,62,176,India
"India, Madhya Pradesh",23.541513,78.289633,12.23421582021291,4.213348654601168,10443,440,7201,2802,India
"India, Maharashtra",19.449759,76.108221,82.13215166415074,3.6750674800526,101141,3717,47796,49628,India
"India, Manipur",24.738975,93.882541,12.453320265433627,0.0,385,0,77,308,India
"India, Meghalaya",25.536934,91.278882,1.3069138714056157,2.272727272727273,44,1,22,21,India
"India, Mizoram",23.309381,92.83822,8.392213317151425,0.0,104,0,1,103,India
"India, Nagaland",26.06702,94.470302,6.9342733126045975,0.0,156,0,49,107,India
"India, Odisha",20.505428,84.418059,7.5458943755129555,0.2858776443682104,3498,10,2474,1014,India
"India, Puducherry",11.882658,78.86498,11.106850733830335,1.2738853503184713,157,2,67,88,India
"India, Punjab",30.841465000000003,75.40879,9.906648910784524,2.109845947756196,2986,63,2282,641,India
"India, Rajasthan",26.583423,73.847973,14.892755194141465,2.2538945972820685,12068,272,8898,2898,India
"India, Sikkim",27.571671,88.472712,9.127114629316003,0.0,63,0,2,61,India
"India, Tamil Nadu",11.006091,78.400624,52.28332164737247,0.9017642144577128,40698,367,22047,18284,India
"India, Telangana",18.1124,79.0193,11.391485733256525,3.880463871543265,4484,174,2278,2032,India
"India, Tripura",23.746783,91.743565,23.046702067296373,0.1040582726326743,961,1,278,682,India
"India, Unknown",,,,0.0,7984,0,0,7984,India
"India, Uttar Pradesh",26.925425,80.560982,5.303453624049413,2.8931515535827517,12616,365,7609,4642,India
"India, Uttarakhand",30.156447,79.197608,15.323275789277586,1.2180974477958235,1724,21,947,756,India
"India, West Bengal",23.814082,87.979803,10.284179982666881,4.402577118313159,10244,451,4206,5587,India
Indonesia,-0.7893,113.9213,13.680719735718913,5.587920897915553,37420,2091,13776,21553,Indonesia
Iran,32.427908,53.68804599999999,220.20299726811612,4.720067043334865,184955,8730,146748,29477,Iran
Iraq,33.223191,43.679291,47.11293078901628,2.8970976253298155,18950,549,7515,10886,Iraq
Ireland,53.1424,-7.6921,512.273087021011,6.740462542004348,25295,1705,22698,892,Ireland
Israel,31.046051,34.851612,219.1890720637797,1.5812776723592663,18972,300,15357,3315,Israel
"Italy, Abruzzo",42.35122196,13.39843823,249.6988365177877,13.862595419847331,3275,454,2312,509,Italy
"Italy, Basilicata",40.63947052,15.80514834,71.24215403584138,6.733167082294265,401,27,363,11,Italy
"Italy, Calabria",38.90597598,16.59440194,59.677546092173564,8.347676419965577,1162,97,1020,45,Italy
"Italy, Campania",40.83956555,14.25084984,79.4251056415956,9.331597222222221,4608,430,3841,337,Italy
"Italy, Emilia-Romagna",44.49436681,11.3417208,629.1320708684001,14.966495580268035,28056,4199,22130,1727,Italy
"Italy, Friuli Venezia Giulia",45.6494354,13.76813649,271.2266091736476,10.406553398058252,3296,343,2848,105,Italy
"Italy, Lazio",41.89277044,12.48366722,135.07210819648373,10.149855181967007,7941,806,5778,1357,Italy
"Italy, Liguria",44.41149315,8.9326992,636.8338234535418,15.372151898734176,9875,1518,8113,244,Italy
"Italy, Lombardia",45.46679409,9.190347404,908.6360281232463,17.97098912639202,91414,16428,58201,16785,Italy
"Italy, Marche",43.61675973,13.5188753,442.8065569987235,14.702398578620073,6754,993,5084,677,Italy
"Italy, Molise",41.55774754,14.65916051,143.643841801994,5.239179954441913,439,23,319,97,Italy
"Italy, P.A. Bolzano",46.49933453,11.35662422,490.30842466345297,11.149425287356324,2610,291,2224,95,Italy
"Italy, P.A. Trento",46.06893511,11.12123097,821.1769834028422,10.436347278452542,4446,464,3912,70,Italy
"Italy, Piemonte",45.0732745,7.680687483,712.261437524418,12.910503077765961,31029,4006,24203,2820,Italy
"Italy, Puglia",41.12559576,16.86736689,112.06107241577612,11.782945736434106,4515,532,3561,422,Italy
"Italy, Sardegna",39.21531192,9.110616306,83.13048803024657,9.684519442406456,1363,132,1197,34,Italy
"Italy, Sicilia",38.11569725,13.362356699999998,69.12150684884932,8.072916666666666,3456,279,2335,842,Italy
"Italy, Toscana",43.76923077,11.25588885,272.73402453480105,10.637042862760518,10172,1082,8588,502,Italy
"Italy, Umbria",43.10675841,12.38824698,162.80902252229268,5.2924791086350975,1436,76,1339,21,Italy
"Italy, Valle d'Aosta",45.73750286,7.320149366,947.750385943692,12.090680100755668,1191,144,1040,7,Italy
"Italy, Veneto",45.43490485,12.33845213,391.6137740748093,10.290443472829482,19212,1977,16457,778,Italy
Jamaica,18.1096,-77.2975,20.76888085450268,1.6260162601626016,615,10,420,185,Jamaica
"Japan, Aichi",35.035551,137.211621,6.8059286788990665,6.6147859922178975,514,34,467,13,Japan
"Japan, Akita",39.748679,140.408228,1.6554749661144967,0.0,16,0,16,0,Japan
"Japan, Aomori",40.781541,140.828896,2.1662891707204355,3.703703703703704,27,1,26,0,Japan
"Japan, Chiba",35.510141,140.198917,14.793792741839368,4.859611231101511,926,45,850,31,Japan
"Japan, Ehime",33.624835,132.856842,6.122989960536582,4.878048780487805,82,4,69,9,Japan
"Japan, Fukui",35.846614,136.22465400000002,15.886719874156347,6.557377049180328,122,8,113,1,Japan
"Japan, Fukuoka",33.526032,130.666949,16.047247485588336,3.418803418803418,819,28,706,85,Japan
"Japan, Fukushima",37.378867,140.223295,4.389009270562915,0.0,81,0,79,2,Japan
"Japan, Gifu",35.778671,137.055925,7.701651123258131,4.575163398692809,153,7,142,4,Japan
"Japan, Gunma",36.504479,138.985605,7.773663856478603,12.582781456953642,151,19,127,5,Japan
"Japan, Hiroshima",34.605309000000005,132.788719,5.8840793573301555,1.818181818181818,165,3,162,0,Japan
"Japan, Hokkaido",43.385711,142.552318,21.980747227311593,7.885615251299827,1154,91,943,120,Japan
"Japan, Hyogo",35.039913,134.828057,12.787700390948725,6.151645207439199,699,43,653,3,Japan
"Japan, Ibaraki",36.303588,140.319591,5.873495397522015,5.9523809523809526,168,10,155,3,Japan
"Japan, Ishikawa",36.769464,136.771027,26.282271596951254,9.03010033444816,299,27,241,31,Japan
"Japan, Kagawa",34.217292,133.969047,2.927807584485548,0.0,28,0,28,0,Japan
"Japan, Kagoshima",31.009484000000004,130.430665,0.6865247058397664,0.0,11,0,10,1,Japan
"Japan, Kanagawa",35.415312,139.338983,15.296357966521525,6.3965884861407245,1407,90,1206,111,Japan
"Japan, Kochi",33.422519,133.367307,10.601278743433296,4.0540540540540535,74,3,71,0,Japan
"Japan, Kumamoto",32.608154,130.74523100000002,2.6894533943476846,6.382978723404255,47,3,44,0,Japan
"Japan, Kyoto",35.253815,135.443341,13.937514252076205,5.0,360,18,338,4,Japan
"Japan, Mie",34.508018,136.376013,2.526837825302294,2.2222222222222223,45,1,44,0,Japan
"Japan, Miyagi",38.446859,140.927086,3.8155278977958815,1.1363636363636365,88,1,87,0,Japan
"Japan, Miyazaki",32.193203999999994,131.299374,1.583898645393976,0.0,17,0,17,0,Japan
"Japan, Nagano",36.132134,138.045528,3.660697289619727,0.0,75,0,72,3,Japan
"Japan, Nagasaki",33.235712,129.608033,1.2815448495466346,5.882352941176472,17,1,16,0,Japan
"Japan, Nara",34.317451,135.871644,6.916653572639523,2.1739130434782608,92,2,90,0,Japan
"Japan, Niigata",37.521819,138.918647,3.688533070397903,0.0,82,0,81,1,Japan
"Japan, Oita",33.200697,131.43323999999998,5.284322998958988,1.6666666666666667,60,1,59,0,Japan
"Japan, Okayama",34.89246,133.826252,1.323041131761137,0.0,25,0,25,0,Japan
"Japan, Okinawa",25.768923,126.668016,9.978199354788986,4.827586206896552,145,7,138,0,Japan
"Japan, Osaka",34.620965000000005,135.507481,20.273883594080527,4.8152295632698765,1786,86,1670,30,Japan
"Japan, Port Quarantine",,,,0.0,242,0,170,72,Japan
"Japan, Saga",33.286977,130.115738,5.523431008050707,0.0,45,0,45,0,Japan
"Japan, Saitama",35.997101,139.347635,13.878130691989448,5.0,1020,51,943,26,Japan
"Japan, Shiga",35.21582700000001,136.138064,7.072420882595693,1.0,100,1,98,1,Japan
"Japan, Shimane",35.07076,132.55406399999998,3.5590038348266315,0.0,24,0,23,1,Japan
"Japan, Shizuoka",34.916975,138.40778400000002,2.1407822308487816,1.2820512820512822,78,1,73,4,Japan
"Japan, Tochigi",36.689912,139.819213,3.4126339846638296,0.0,66,0,63,3,Japan
"Japan, Tokushima",33.919178,134.242091,0.6868348862670112,20.0,5,1,4,0,Japan
"Japan, Tokyo",35.711343,139.446921,39.51679600317887,5.708053081257953,5501,314,4862,325,Japan
"Japan, Tottori",35.359069,133.863619,0.5399976240104544,0.0,3,0,3,0,Japan
"Japan, Toyama",36.637464,137.26934599999998,21.75367177063389,9.691629955947137,227,22,202,3,Japan
"Japan, Unknown",,,,0.0,8,0,0,8,Japan
"Japan, Wakayama",33.911879,135.505446,6.811304170139892,4.761904761904762,63,3,60,0,Japan
"Japan, Yamagata",38.448396,140.102154,6.402725890953227,0.0,69,0,67,2,Japan
"Japan, Yamaguchi",34.201190000000004,131.573293,2.7239210327930645,0.0,37,0,36,1,Japan
"Japan, Yamanashi",35.612364,138.61148899999998,8.63178766788827,1.4285714285714286,70,1,64,5,Japan
Jordan,31.24,36.51,9.34026191936992,0.9443861490031479,953,9,678,266,Jordan
Kazakhstan,48.0196,66.9237,75.82799262937851,0.5127124596151145,14238,73,8829,5336,Kazakhstan
Kenya,-0.0236,37.9062,6.429080197056794,2.8926815157651142,3457,100,1221,2136,Kenya
"Korea, South",35.90775700000001,127.766922,23.571664873224133,2.2920976417045926,12085,277,10718,1090,Korea
Kosovo,42.602636,20.902977,79.3762145334148,2.2268615170494086,1437,32,928,477,Kosovo
Kuwait,29.31166,47.481766,830.4759817382393,0.8148649410703209,35466,289,25882,9295,Kuwait
Kyrgyzstan,41.20438,74.766098,33.82794893650416,1.223380154055279,2207,27,1722,458,Kyrgyzstan
Laos,19.85627,102.495496,0.261148426319583,0.0,19,0,19,0,Laos
Latvia,56.8796,24.6032,58.159200340154456,2.552415679124886,1097,28,845,224,Latvia
Lebanon,33.8547,35.8623,21.126836914004983,2.219140083217753,1442,32,868,542,Lebanon
Lesotho,-29.609988,28.233608,0.1867193962241604,0.0,4,0,2,2,Lesotho
Liberia,6.4280550000000005,-9.429499,8.818277640110272,7.174887892376683,446,32,214,200,Liberia
Libya,26.3351,17.228331,6.083285416545693,1.9138755980861244,418,8,62,348,Libya
Liechtenstein,47.14,9.55,215.0142905839473,1.2195121951219512,82,1,55,26,Liechtenstein
Lithuania,55.1694,23.8813,64.76162908373865,4.254112308564946,1763,75,1416,272,Lithuania
Luxembourg,49.8153,6.1296,649.0664178818358,2.7073590942653207,4063,110,3922,31,Luxembourg
MS Zaandam,,,,22.222222222222218,9,2,0,7,MS Zaandam
Madagascar,-18.766947,46.869107,4.5213215158315405,0.7987220447284346,1252,10,362,880,Madagascar
Malawi,-13.254307999999998,34.301525,2.7652966251096776,0.9451795841209829,529,5,66,458,Malawi
Malaysia,4.210483999999999,101.975766,26.092197126132184,1.4209591474245116,8445,120,7311,1014,Malaysia
Maldives,3.2028,73.2207,372.40399450921484,0.3974167908594137,2013,8,1217,788,Maldives
Mali,17.570692,-3.996166000000001,8.770009175918384,5.855855855855856,1776,104,1058,614,Mali
Malta,35.9375,14.3754,146.30644178656925,1.3931888544891642,646,9,601,36,Malta
Mauritania,21.0079,-10.9408,36.17468804170628,4.934601664684898,1682,83,311,1288,Mauritania
Mauritius,-20.348404,57.552152,26.498564595558783,2.967359050445104,337,10,325,2,Mauritius
"Mexico, Aguascalientes",21.8853,-102.2916,99.74662544828476,4.891684136967156,1431,70,968,393,Mexico
"Mexico, Baja California",30.8406,-115.2838,188.50753314838397,21.468184471687103,6852,1471,4710,671,Mexico
"Mexico, Baja California Sur",26.0444,-111.6661,119.42220035093473,5.098855359001041,961,49,699,213,Mexico
"Mexico, Campeche",19.8301,-90.5349,96.24061953774523,13.811007268951194,963,133,634,196,Mexico
"Mexico, Chiapas",16.7569,-93.1292,54.84814497919592,9.195036589245943,3143,289,2273,581,Mexico
"Mexico, Chihuahua",28.63300000000001,-106.0691,58.45081148508465,20.47704770477048,2222,455,1691,76,Mexico
"Mexico, Ciudad de Mexico",19.4326,-99.1332,398.6629920570108,12.524336652389165,35954,4503,27133,4318,Mexico
"Mexico, Coahuila",27.0587,-101.7068,59.30929064969926,6.809848088004191,1909,130,1410,369,Mexico
"Mexico, Colima",19.1223,-104.0072,35.152384312356965,14.130434782608695,276,39,158,79,Mexico
"Mexico, Durango",24.5593,-104.6588,49.22428940457871,7.934782608695652,920,73,481,366,Mexico
"Mexico, Guanajuato",21.019000000000002,-101.2574,54.06078024461419,5.4648054648054645,3367,184,2178,1005,Mexico
"Mexico, Guerrero",17.4392,-99.5451,89.11559268568529,16.38539429272783,3259,534,2406,319,Mexico
"Mexico, Hidalgo",20.0911,-98.7624,86.67016155318113,17.046728971962615,2675,456,1748,471,Mexico
"Mexico, Jalisco",20.6595,-103.3494,46.137237114363145,8.427835051546392,3880,327,2288,1265,Mexico
"Mexico, Mexico",19.4969,-99.7233,130.68782674108422,8.478222690551457,22776,1931,18152,2693,Mexico
"Mexico, Michoacan",19.5665,-101.7068,70.64697835475228,7.978879436784982,3409,272,2491,646,Mexico
"Mexico, Morelos",18.6813,-99.1013,90.06593746361405,18.142313959804454,1841,334,1248,259,Mexico
"Mexico, Nayarit",21.7514,-104.8455,76.44126710906889,11.167512690355329,985,110,620,255,Mexico
"Mexico, Nuevo Leon",25.5922,-99.9962,43.777772192665694,6.7182410423452765,2456,165,1661,630,Mexico
"Mexico, Oaxaca",17.0732,-96.7266,70.90464724696658,11.266167460857725,2938,331,2006,601,Mexico
"Mexico, Puebla",19.0414,-98.2063,81.58134567127533,13.511507052709725,5388,728,3550,1110,Mexico
"Mexico, Queretaro",20.5888,-100.3899,61.58875294619275,13.390313390313391,1404,188,946,270,Mexico
"Mexico, Quintana Roo",19.1817,-88.4791,141.76626960892125,18.993041342611548,2443,464,1660,319,Mexico
"Mexico, San Luis Potosi",22.1565,-100.9855,57.568675941387404,5.393939393939394,1650,89,1087,474,Mexico
"Mexico, Sinaloa",25.1721,-107.4795,169.98904543199586,16.15728661945583,5366,867,3936,563,Mexico
"Mexico, Sonora",29.2972,-110.3309,124.79083631325523,6.6718790721918175,3837,256,3337,244,Mexico
"Mexico, Tabasco",17.8409,-92.6189,251.87702616387676,11.220867417811395,6479,727,4702,1050,Mexico
"Mexico, Tamaulipas",24.2669,-98.8363,81.30165928797497,6.704851752021563,2968,199,2148,621,Mexico
"Mexico, Tlaxcala",19.3139,-98.2404,122.60771834427406,13.120567375886527,1692,222,1142,328,Mexico
"Mexico, Veracruz",19.1738,-96.1342,73.12764538818075,15.580464371497197,6245,973,4506,766,Mexico
"Mexico, Yucatan",20.7099,-89.0943,110.08818563869295,9.891435464414956,2487,246,1822,419,Mexico
"Mexico, Zacatecas",22.7709,-102.5832,30.844453939148806,11.089494163424122,514,57,287,170,Mexico
Moldova,47.4116,28.3699,284.063091307481,3.4732524653111088,11459,398,6421,4640,Moldova
Monaco,43.7333,7.4167,252.26786260320046,4.040404040404041,99,4,93,2,Monaco
Mongolia,46.8625,103.8467,6.009226755883857,0.0,197,0,98,99,Mongolia
Montenegro,42.708678000000006,19.37439,51.58726367778977,2.7777777777777777,324,9,315,0,Montenegro
Morocco,31.7917,-7.0926,23.548817658080374,2.4390243902439024,8692,212,7696,784,Morocco
Mozambique,-18.665695,35.529562,1.7692922846858474,0.3616636528028933,553,2,151,400,Mozambique
Namibia,-22.9576,18.4904,1.2593883465647822,0.0,32,0,17,15,Namibia
Nepal,28.1667,84.25,18.31017316653217,0.3373945641986879,5335,18,913,4404,Nepal
Netherlands,52.1326,5.2913,283.865541343668,12.452713815789476,48640,6057,0,42583,Netherlands
"Netherlands, Aruba",12.5211,-69.9683,94.59940430474121,2.9702970297029703,101,3,98,0,Netherlands
"Netherlands, Bonaire, Sint Eustatius and Saba",12.1784,-68.2385,26.696159566759466,0.0,7,0,7,0,Netherlands
"Netherlands, Curacao",12.1696,-68.99,13.406459475929312,4.545454545454546,22,1,15,6,Netherlands
"Netherlands, Sint Maarten",18.0425,-63.0548,179.56252040483187,19.48051948051948,77,15,61,1,Netherlands
New Zealand,-40.9006,174.886,31.188870384321948,1.4627659574468086,1504,22,1482,0,New Zealand
Nicaragua,12.865416,-85.207229,22.099600969363365,3.756830601092896,1464,55,953,456,Nicaragua
Niger,17.607789,8.081666,4.048476624343837,6.7346938775510194,980,66,881,33,Niger
Nigeria,9.082,8.6753,7.607466488229647,2.5953322280321394,15682,407,5101,10174,Nigeria
North Macedonia,41.6086,21.7453,186.9558121898069,4.595635430038512,3895,179,1705,2011,North Macedonia
Norway,60.472,8.4689,159.15172205926243,2.8048215113583685,8628,242,8138,248,Norway
Oman,21.512583,55.92325500000001,432.32101377388034,0.4484304932735426,22077,99,7530,14448,Oman
"Pakistan, Azad Jammu and Kashmir",34.027401,73.947253,14.1890746103072,1.9163763066202089,574,11,242,321,Pakistan
"Pakistan, Balochistan",28.328491999999997,65.898403,63.72116022088706,1.0170353419781335,7866,80,2722,5064,Pakistan
"Pakistan, Gilgit-Baltistan",35.792146,74.982138,103.00083663514816,1.5325670498084292,1044,16,676,352,Pakistan
"Pakistan, Islamabad",33.665087,73.121219,356.9769736645383,0.9912048024570712,7163,71,1671,5421,Pakistan
"Pakistan, Khyber Pakhtunkhwa",34.485332,72.09169,53.77846372210986,3.911056960097472,16415,642,4072,11701,Pakistan
"Pakistan, Punjab",30.811346,72.13913199999998,45.52848667789776,1.8727414299119527,50087,938,17560,31589,Pakistan
"Pakistan, Sindh",26.009446,68.77680699999999,102.8608519002747,1.6099561474744193,49256,793,23113,25350,Pakistan
Panama,8.538,-80.7821,464.8917392545787,2.138690861957226,20059,429,13759,5871,Panama
Papua New Guinea,-6.314993,143.95555,0.08941517668383027,0.0,8,0,8,0,Papua New Guinea
Paraguay,-23.4425,-58.4438,17.67956110945205,0.8723235527359239,1261,11,647,603,Paraguay
"Peru, Amazonas",-5.077253,-78.050172,242.03373945641988,2.7105517909002903,1033,28,0,1005,Peru
"Peru, Ancash",-9.407125,-77.67179499999997,508.21616127392855,5.783333333333332,6000,347,0,5653,Peru
"Peru, Apurimac",-14.027713,-72.975378,76.85163687021128,2.114803625377644,331,7,0,324,Peru
"Peru, Arequipa",-15.843524,-72.475539,325.96500601041805,1.9463224749026842,4881,95,0,4786,Peru
"Peru, Ayacucho",-14.091648,-74.08344,160.28135288835682,1.0270774976657329,1071,11,0,1060,Peru
"Peru, Cajamarca",-6.430284,-78.74559599999998,78.07663204237463,1.2334801762114538,1135,14,0,1121,Peru
"Peru, Callao",-11.954609,-77.136042,1345.2517921939996,2.8552631578947367,15200,434,0,14766,Peru
"Peru, Cusco",-13.191068,-72.153609,100.8031832584187,0.43859649122807015,1368,6,0,1362,Peru
"Peru, Huancavelica",-13.023888,-75.00277,173.82972898987134,0.7874015748031497,635,5,0,630,Peru
"Peru, Huanuco",-9.421676,-76.040642,179.27134026042356,1.760821716801174,1363,24,0,1339,Peru
"Peru, Ica",-14.235097,-75.574821,523.0721903199344,6.430111742795531,5101,328,0,4773,Peru
"Peru, Junin",-11.541783,-74.876968,182.37238340066105,1.4901329037454691,2483,37,0,2446,Peru
"Peru, La Libertad",-7.92139,-78.370238,338.65529551765167,4.436310395314789,6830,303,0,6527,Peru
"Peru, Lambayeque",-6.353049,-79.824113,823.2377174244738,6.079140024094152,10791,656,0,10135,Peru
"Peru, Lima",-11.766533,-76.60449799999998,1210.895234510985,2.163170163170163,128700,2784,0,125916,Peru
"Peru, Loreto",-4.124847,-74.424115,697.450369793694,4.339333054276545,7167,311,0,6856,Peru
"Peru, Madre de Dios",-11.972699,-70.53171999999998,543.7284234752589,1.5873015873015872,945,15,0,930,Peru
"Peru, Moquegua",-16.860271,-70.839046,382.9787234042552,0.8130081300813008,738,6,0,732,Peru
"Peru, Pasco",-10.39655,-75.307635,268.1132769400515,1.7832647462277091,729,13,0,716,Peru
"Peru, Piura",-5.133361,-80.335861,623.4375,4.738408521303258,12768,605,0,12163,Peru
"Peru, Puno",-14.995826999999998,-69.922726,44.02261712439418,1.834862385321101,545,10,0,535,Peru
"Peru, San Martin",-7.039531,-76.729127,272.7879057358826,1.8744906275468625,2454,46,0,2408,Peru
"Peru, Tacna",-17.644160999999997,-70.27756,156.8733153638814,0.8591065292096219,582,5,0,577,Peru
"Peru, Tumbes",-3.857496,-80.54525500000003,721.2723658051691,5.2921719955898565,1814,96,0,1718,Peru
"Peru, Ucayali",-9.621718,-73.444929,1032.931590561874,2.00493015612161,6085,122,0,5963,Peru
"Peru, Unknown",,,,,0,0,111724,-111724,Peru
Philippines,12.879721,121.774017,23.171882264169952,4.229678638941399,25392,1074,5706,18612,Philippines
Poland,51.9194,19.1451,76.67002099659929,4.263018230692353,29017,1237,14104,13676,Poland
Portugal,39.3999,-8.2245,357.5958395195625,4.1466692263390295,36463,1512,22438,12513,Portugal
Qatar,25.3548,51.1839,2721.776012995217,0.08926749642930014,78416,70,55252,23094,Qatar
Romania,45.9432,24.9668,112.69029189691356,6.430185894183311,21679,1394,15635,4650,Romania
"Russia, Adygea Republic",44.6939006,40.1520421,281.8852343308865,0.9389671361502347,1278,12,752,514,Russia
"Russia, Altai Krai",52.693224300000004,82.69314240000001,115.99605119825708,0.6969919295671313,2726,19,1607,1100,Russia
"Russia, Altai Republic",50.7114101,86.8572186,111.4356860173436,0.0,243,0,126,117,Russia
"Russia, Amur Oblast",52.8032368,128.437295,121.86507419616643,0.513874614594039,973,5,350,618,Russia
"Russia, Arkhangelsk Oblast",63.5589686,43.1221646,310.5552419508445,0.4460551993309172,3587,16,1043,2528,Russia
"Russia, Astrakhan Oblast",47.1878186,47.608851,262.79736691583605,0.8975317875841436,2674,24,1639,1011,Russia
"Russia, Bashkortostan Republic",54.8573563,57.1439682,108.7295452235416,0.4074241738343142,4418,18,1839,2561,Russia
"Russia, Belgorod Oblast",50.7080119,37.5837615,211.88791877543756,1.0353227771010962,3284,34,2056,1194,Russia
"Russia, Bryansk Oblast",52.887331499999995,33.41585300000001,406.281843991075,0.6504065040650406,4920,32,3519,1369,Russia
"Russia, Buryatia Republic",52.718242599999996,109.492143,218.6872467651453,0.5109150023223409,2153,11,1290,852,Russia
"Russia, Chechen Republic",43.39761470000001,45.6985005,101.88026146483496,1.1612021857923498,1464,17,1123,324,Russia
"Russia, Chelyabinsk Oblast",54.4223954,61.1865846,124.27584485244354,0.9214466712739,4341,40,2309,1992,Russia
"Russia, Chukotka Autonomous Okrug",66.0006475,169.4900869,261.40877036556697,0.7751937984496124,129,1,77,51,Russia
"Russia, Chuvashia Republic",55.4259922,47.0849429,321.3342030042636,0.45500505561172905,3956,18,2105,1833,Russia
"Russia, Dagestan Republic",43.05749160000001,47.1332224,210.94133755020175,4.842952189385733,6463,313,4710,1440,Russia
"Russia, Ingushetia Republic",43.11542075,45.01713552,522.494944093041,2.431372549019608,2550,62,2113,375,Russia
"Russia, Irkutsk Oblast",56.6370122,104.71922099999999,158.8473480728477,0.5236973029588897,3819,20,1002,2797,Russia
"Russia, Ivanovo Oblast",56.9167446,41.43521370000001,327.50338541717997,0.8125188083057479,3323,27,1351,1945,Russia
"Russia, Jewish Autonomous Okrug",48.57527615,132.66307460000002,228.992556198847,1.0781671159029649,371,4,276,91,Russia
"Russia, Kabardino-Balkarian Republic",43.480604799999995,43.5978976,440.61869101022376,0.9174311926605504,3815,35,1886,1894,Russia
"Russia, Kaliningrad Oblast",54.7293041,21.1489473,203.8007277304723,1.5293537247163296,2027,31,979,1017,Russia
"Russia, Kalmykia Republic",46.2313018,45.3275745,452.77456038749085,1.4434643143544508,1247,18,804,425,Russia
"Russia, Kaluga Oblast",54.438277299999996,35.5272854,495.13070422980553,0.7782877669127919,5011,39,2458,2514,Russia
"Russia, Kamchatka Krai",57.191488199999995,160.03838190000005,446.51204061389865,0.7097232079489,1409,10,415,984,Russia
"Russia, Karachay-Cherkess Republic",43.7368326,41.7267991,441.34204008106275,0.43731778425655976,2058,9,510,1539,Russia
"Russia, Karelia Republic",62.61940309999999,33.4920267,117.59338392633384,0.27322404371584696,732,2,279,451,Russia
"Russia, Kemerovo Oblast",54.53357809999999,87.342861,36.99612264307425,0.7021063189568706,997,7,397,593,Russia
"Russia, Khabarovsk Krai",51.6312684,136.121524,221.18464023994545,0.6466984343090538,2938,19,1455,1464,Russia
"Russia, Khakassia Republic",53.72258845,91.44293627,241.66857359728974,0.7698229407236336,1299,10,905,384,Russia
"Russia, Khanty-Mansi Autonomous Okrug",61.0259025,69.0982628,283.24489000765544,0.5990783410138248,4340,26,1804,2510,Russia
"Russia, Kirov Oblast",57.9665589,49.4074599,195.4430900581186,0.9968102073365231,2508,25,1578,905,Russia
"Russia, Komi Republic",63.9881421,54.3326073,247.95658797464063,1.3429256594724222,2085,28,1024,1033,Russia
"Russia, Kostroma Oblast",58.424756,44.253327299999995,172.3859206247552,1.0820559062218214,1109,12,582,515,Russia
"Russia, Krasnodar Krai",45.768401399999995,39.0261044,87.3216714078188,1.0218679746576742,4893,50,3642,1201,Russia
"Russia, Krasnoyarsk Krai",63.3233807,97.09799740000001,219.9898000936556,1.011378002528445,6328,64,2164,4100,Russia
"Russia, Kurgan Oblast",55.7655302,64.5632681,43.6409051289299,0.0,369,0,214,155,Russia
"Russia, Kursk Oblast",51.6568453,36.4852695,351.67412845879403,0.5099439061703213,3922,20,2117,1785,Russia
"Russia, Leningrad Oblast",60.185329599999996,32.3925325,193.01847596448596,0.6569551556698087,3501,23,2628,850,Russia
"Russia, Lipetsk Oblast",52.693517799999995,39.112266399999996,255.3466741899894,0.3064351378958121,2937,9,1270,1658,Russia
"Russia, Magadan Oblast",62.48858785,153.9903764,318.54869492195905,0.8714596949891068,459,4,222,233,Russia
"Russia, Mari El Republic",56.576750399999995,47.881751200000004,341.62205257550204,0.7722007722007722,2331,18,2087,226,Russia
"Russia, Mordovia Republic",54.4419829,44.466114399999995,315.2575721440496,0.7880220646178093,2538,20,1351,1167,Russia
"Russia, Moscow",55.7504461,37.6174943,1634.5782038541975,1.580507562564815,204428,3231,119558,81639,Russia
"Russia, Moscow Oblast",55.50431579999999,38.0353929,648.1874513969361,1.3940291142363679,48636,678,15734,32224,Russia
"Russia, Murmansk Oblast",68.00004179999999,33.9999151,516.0857108354113,0.17999485728979173,3889,7,2669,1213,Russia
"Russia, Nenets Autonomous Okrug",68.27557185,57.1686375,184.1034615996545,0.0,81,0,32,49,Russia
"Russia, Nizhny Novgorod Oblast",55.47180329999999,44.091159399999995,425.99865461092537,1.197387518142235,13780,165,6633,6982,Russia
"Russia, North Ossetia - Alania Republic",42.79336110000001,44.6324493,500.59492850170636,1.8787361229718191,3513,66,3190,257,Russia
"Russia, Novgorod Oblast",58.2843833,32.516975699999996,323.6731544199605,0.6113092205807438,1963,12,482,1469,Russia
"Russia, Novosibirsk Oblast",54.9720169,79.48139240000002,149.77505056745633,1.2688532439549915,4177,53,2050,2074,Russia
"Russia, Omsk Oblast",56.09352629999999,73.5099936,109.5873078714604,1.0707635009310987,2148,23,1213,912,Russia
"Russia, Orel Oblast",52.96854329999999,36.0692477,464.77269229585403,1.0077742585660812,3473,35,1663,1775,Russia
"Russia, Orenburg Oblast",52.02692620000001,54.7276647,136.77365855631737,0.4066543438077634,2705,11,1893,801,Russia
"Russia, Penza Oblast",53.1655415,44.78791810000001,272.8935046990399,0.825536598789213,3634,30,2850,754,Russia
"Russia, Perm Krai",58.5951603,56.3159546,98.35608103626137,1.4728682170542635,2580,38,1705,837,Russia
"Russia, Primorsky Krai",45.0819456,134.726645,145.6845842500694,0.9329027628274129,2787,26,1662,1099,Russia
"Russia, Pskov Oblast",57.535872899999994,28.8586826,256.85496413456366,1.162079510703364,1635,19,507,1109,Russia
"Russia, Rostov Oblast",47.6222451,40.7957942,173.2989736644321,0.8887065901011758,7314,65,2875,4374,Russia
"Russia, Ryazan Oblast",54.42267320000001,40.57052460000001,392.42996270979086,0.27266530334015,4401,12,2025,2364,Russia
"Russia, Saint Petersburg",59.960673899999996,30.158655100000004,379.39548966869006,2.802265451859148,20305,569,9561,10175,Russia
"Russia, Sakha (Yakutiya) Republic",66.941626,129.642371,307.77845758194815,0.6738544474393531,2968,20,1826,1122,Russia
"Russia, Sakhalin Oblast",49.7219665,143.448533,65.28200807456837,0.0,320,0,98,222,Russia
"Russia, Samara Oblast",53.2128813,50.8914633,115.67195258890364,1.1640498105035193,3694,43,1847,1804,Russia
"Russia, Saratov Oblast",51.652055499999996,46.86319520000001,181.8956941878641,0.8482142857142857,4480,38,2014,2428,Russia
"Russia, Smolensk Oblast",55.03434960000001,33.0192065,391.0051951444571,1.3200431034482758,3712,49,1414,2249,Russia
"Russia, Stavropol Krai",44.86325770000001,43.4406913,128.32625289483892,1.8920422927100724,3594,68,1860,1666,Russia
"Russia, Sverdlovsk Oblast",58.6414755,61.802154599999994,209.72169046179002,0.5512071436445817,9071,50,4021,5000,Russia
"Russia, Tambov Oblast",52.9019574,41.3578918,370.95375946251374,0.2608242044861763,3834,10,1823,2001,Russia
"Russia, Tatarstan Republic",55.7648572,52.43104273,99.32506206532446,0.2585315408479835,3868,10,3614,244,Russia
"Russia, Tomsk Oblast",58.6124279,82.04753149999998,112.6794524613273,0.9053497942386832,1215,11,576,628,Russia
"Russia, Tula Oblast",53.9570701,37.369090899999996,351.57572284169714,1.0676835081029552,5245,56,3219,1970,Russia
"Russia, Tver Oblast",57.1134475,35.174442799999994,200.09767321222583,1.9462826002335536,2569,50,1619,900,Russia
"Russia, Tyumen Oblast",58.8206488,70.36588370000001,57.3881486296176,0.6134969325153374,2119,13,1234,872,Russia
"Russia, Tyva Republic",51.401714899999995,93.8582593,716.1462380564586,0.08680555555555555,2304,2,378,1924,Russia
"Russia, Udmurt Republic",57.1961165,52.69598320000001,70.91664221265209,1.1183597390493942,1073,12,557,504,Russia
"Russia, Ulyanovsk Oblast",54.146317700000004,47.2324921,303.4610442011908,0.4758128469468675,3783,18,1267,2498,Russia
"Russia, Vladimir Oblast",56.0503336,40.656163299999996,250.51928519658108,1.3032145960034751,3453,45,1721,1687,Russia
"Russia, Volgograd Oblast",49.604833899999996,44.29035820000001,181.21776433837468,0.5909389363099147,4569,27,1739,2803,Russia
"Russia, Vologda Oblast",60.0391461,43.1215213,106.57021523954077,1.036682615629984,1254,13,748,493,Russia
"Russia, Voronezh Oblast",50.9800393,40.15065070000001,180.86630719077476,0.4975124378109453,4221,21,1953,2247,Russia
"Russia, Yamalo-Nenets Autonomous Okrug",67.1471631,74.3415488,596.2339405845729,0.4671441918405481,3211,15,1491,1705,Russia
"Russia, Yaroslavl Oblast",57.77819760000001,39.002109499999996,317.6148232892254,0.39800995024875613,4020,16,1640,2364,Russia
"Russia, Zabaykalsky Krai",52.248521000000004,115.956325,177.75814080085308,2.097535395909806,1907,40,1109,758,Russia
Rwanda,-1.9403,29.8739,4.176893686629053,0.3696857670979667,541,2,332,207,Rwanda
Saint Kitts and Nevis,17.357822,-62.782998,28.19972928259889,0.0,15,0,15,0,Saint Kitts and Nevis
Saint Lucia,13.9094,-60.9789,10.346949555898034,0.0,19,0,18,1,Saint Lucia
Saint Vincent and the Grenadines,12.9843,-61.2872,24.335944189567996,0.0,27,0,25,2,Saint Vincent and the Grenadines
San Marino,43.9424,12.4578,2044.9054157581472,6.051873198847263,694,42,520,132,San Marino
Sao Tome and Principe,0.18636,6.613081,300.6921851971838,1.8209408194233687,659,12,176,471,Sao Tome and Principe
Saudi Arabia,23.885942,45.079162,354.19219588562225,0.7558309274337431,123308,932,82548,39828,Saudi Arabia
Senegal,14.4974,-14.4524,29.8376784900558,1.200960768614892,4996,60,3228,1708,Senegal
Serbia,44.0165,21.0059,140.21381720128596,2.06513753979267,12251,253,11465,533,Serbia
Seychelles,-4.6796,55.492,11.185682326621924,0.0,11,0,11,0,Seychelles
Sierra Leone,8.460555000000001,-11.779889,14.190825230334518,4.5053003533568905,1132,51,670,411,Sierra Leone
Singapore,1.2833,103.8333,687.0879194604488,0.06468144388884743,40197,26,28808,11363,Singapore
Slovakia,48.669,19.699,28.298553586745506,1.812297734627832,1545,28,1410,107,Slovakia
Slovenia,46.1512,14.9955,71.76761914290607,7.305630026809652,1492,109,1359,24,Slovenia
Somalia,5.152149,46.199616,16.22704626419607,3.3734005428460643,2579,87,559,1933,Somalia
South Africa,-30.5595,22.9375,110.83704597083496,2.1647194839965924,65736,1423,36850,27463,South Africa
South Sudan,6.877000000000002,31.307,15.124539820465548,1.5948021264028351,1693,27,49,1617,South Sudan
"Spain, Andalusia",37.5443,-4.7278,152.15834530321018,10.94907587927942,12823,1404,10671,748,Spain
"Spain, Aragon",41.5976,-0.9057,441.92502419380486,14.15352981494174,5836,826,3772,1238,Spain
"Spain, Asturias",43.3614,-5.8593,238.40619053907972,12.8846942962659,2437,314,1063,1060,Spain
"Spain, Baleares",39.710358,2.995148,181.11124202588746,9.711895910780669,2152,209,1533,410,Spain
"Spain, C. Valenciana",39.484,-0.7533,229.0064521005056,11.691389449662076,11393,1332,9970,91,Spain
"Spain, Canarias",28.2916,-16.6291,107.70759540187801,6.352545225073622,2377,151,1537,689,Spain
"Spain, Cantabria",43.1828,-3.9878,400.9345971140274,8.662092624356777,2332,202,2287,-157,Spain
"Spain, Castilla - La Mancha",39.2796,-3.0977,873.5663138361681,16.567281728172816,17776,2945,6392,8439,Spain
"Spain, Castilla y Leon",41.8357,-4.3976,802.5806848184578,9.97723038708342,19324,1928,8716,8680,Spain
"Spain, Catalonia",41.5912,1.5209,789.0906558191043,9.357518507352696,59706,5587,26203,27916,Spain
"Spain, Ceuta",35.8894,-5.3213,192.15126902356502,2.4539877300613497,163,4,163,-4,Spain
"Spain, Extremadura",39.4937,-6.0679,280.1701482226794,17.018425460636514,2985,508,2652,-175,Spain
"Spain, Galicia",42.5751,-8.1339,339.1297939855009,6.649923564096963,9158,609,9204,-655,Spain
"Spain, La Rioja",42.2871,-2.5396,1296.9949389452468,8.90090976149496,4067,362,3107,598,Spain
"Spain, Madrid",40.4168,-3.7038,1059.947612407702,12.345521179578965,70398,8691,40736,20971,Spain
"Spain, Melilla",35.2923,-2.9381,145.23727993009717,1.6260162601626016,123,2,125,-4,Spain
"Spain, Murcia",37.9922,-1.1307,109.43338645916448,9.090909090909092,1628,148,2180,-700,Spain
"Spain, Navarra",42.6954,-1.6761,817.1448089533592,9.226134437958953,5311,490,3905,916,Spain
"Spain, Pais Vasco",42.9896,-2.6189,625.1951439014088,10.45828437132785,13616,1424,16160,-3968,Spain
"Spain, Unknown",,,,,0,0,0,0,Spain
Sri Lanka,7.873054,80.77179699999998,8.798290777906203,0.583864118895966,1884,11,1252,621,Sri Lanka
Sudan,12.8628,30.2176,15.979741874374234,6.379334950763522,7007,447,2556,4004,Sudan
Suriname,3.9193,-56.0278,33.41095129160601,1.5306122448979589,196,3,9,184,Suriname
"Sweden, Blekinge",56.2784,15.017999999999999,223.6758016615917,1.96078431372549,357,7,0,350,Sweden
"Sweden, Dalarna",61.0917,14.6664,477.48692553982073,10.981818181818182,1375,151,0,1224,Sweden
"Sweden, Gavleborg",61.3012,16.1534,604.4219888510763,6.793321819228555,1737,118,0,1619,Sweden
"Sweden, Gotland",57.4684,18.4867,182.62239051033745,5.504587155963303,109,6,0,103,Sweden
"Sweden, Halland",56.8967,12.8034,314.21485226809807,5.719733079122975,1049,60,0,989,Sweden
"Sweden, Jamtland Harjedalen",63.1712,14.9592,663.5578319700329,4.493087557603687,868,39,0,829,Sweden
"Sweden, Jonkoping",57.3708,14.3439,623.7640917604284,6.70194003527337,2268,152,0,2116,Sweden
"Sweden, Kalmar",57.235,16.1849,191.08072651418234,8.742004264392325,469,41,0,428,Sweden
"Sweden, Kronoberg",56.7183,14.4115,489.901672217562,8.51063829787234,987,84,0,903,Sweden
"Sweden, Norrbotten",66.8309,20.3992,243.10956324247383,9.210526315789474,608,56,0,552,Sweden
"Sweden, Orebro",59.535,15.0066,687.6527616016797,6.965648854961832,2096,146,0,1950,Sweden
"Sweden, Ostergotland",58.3454,15.5198,537.7071719352517,8.349980023971233,2503,209,0,2294,Sweden
"Sweden, Skane",55.9903,13.5958,163.590929775654,9.671694764862467,2254,218,0,2036,Sweden
"Sweden, Sormland",59.0336,16.7519,574.7126436781608,13.625730994152047,1710,233,0,1477,Sweden
"Sweden, Stockholm",59.6025,18.1384,666.5317673230319,13.797020954304466,15844,2186,0,13658,Sweden
"Sweden, Uppsala",60.0092,17.2715,637.4555983247898,7.849550286181522,2446,192,0,2254,Sweden
"Sweden, Varmland",59.7294,13.2354,263.79712053935003,6.577181208053691,745,49,0,696,Sweden
"Sweden, Vasterbotten",65.3337,16.5162,209.02640798422001,5.28169014084507,568,30,0,538,Sweden
"Sweden, Vasternorrland",63.4276,17.7292,403.10254455933836,9.908998988877654,989,98,0,891,Sweden
"Sweden, Vastmanland",59.6714,16.2159,622.8135365875762,8.847497089639115,1718,152,0,1566,Sweden
"Sweden, Vastra Gotaland",58.2528,13.0596,592.7986923779797,6.323917505620175,10231,647,0,9584,Sweden
Switzerland,46.8182,8.2275,359.27640018311615,6.232713706824467,31094,1938,28800,356,Switzerland
Syria,34.802075,38.99681500000001,0.971392102593634,3.5294117647058822,170,6,71,93,Syria
Taiwan*,23.7,121.0,1.8600335267894164,1.580135440180587,443,7,431,5,Taiwan*
Tajikistan,38.861034,71.276093,52.11980068029394,1.0058338362502517,4971,50,3288,1633,Tajikistan
Tanzania,-6.369028,34.888822,0.852107987092757,4.12573673870334,509,21,183,305,Tanzania
Thailand,15.870032,100.992541,4.489972761882532,1.8506700701978305,3134,58,2987,89,Thailand
Timor-Leste,-8.874217,125.727539,1.8203303596214317,0.0,24,0,24,0,Timor-Leste
Togo,8.6195,0.8248,6.4019427117928736,2.452830188679245,530,13,291,226,Togo
Trinidad and Tobago,10.6918,-61.2225,8.360182380594088,6.837606837606838,117,8,109,0,Trinidad and Tobago
Tunisia,33.886917,9.537499,9.256581437863547,4.478976234003657,1094,49,995,50,Tunisia
Turkey,38.9637,35.2433,209.4841765323299,2.7122941865664463,176677,4792,150087,21798,Turkey
"US, Alabama",32.88428035358209,-86.71012237686571,729.3720909832484,2.8212379188680208,24601,773,0,23828,US
"US, Alaska",60.96219536722223,-145.35176280555555,71.85924985780234,1.847561566413381,653,12,0,641,US
"US, Arizona",33.675903642,-111.46323212666667,836.1300358807501,3.927552294989518,34660,1189,0,33471,US
"US, Arkansas",34.9302123831081,-92.43308954189189,477.88982695072195,1.5505510752288252,12095,177,0,11918,US
"US, California",37.778247709649115,-120.7286663122807,218.41042408744622,2.2125611458328316,150018,5076,0,144942,US
"US, Colorado",38.90239628983332,-105.51943618666662,427.5347809527353,3.035794278562461,29002,1597,0,27405,US
"US, Connecticut",41.61368014,-72.65682967875,921.6071796813127,7.802684241256033,44994,4186,0,40808,US
"US, Delaware",39.10927682333334,-75.53323745666665,1166.9251382278946,3.2689309027975475,10229,419,0,9810,US
"US, Diamond Princess",,,,0.0,49,0,0,49,US
"US, District of Columbia",38.90417773,-77.01655992,1375.7015596196381,5.2631578947368425,9709,511,0,9198,US
"US, Florida",28.94075487910448,-82.70074390925375,353.1069523766374,3.7258137977156203,73552,2925,0,70627,US
"US, Georgia",32.80853214484278,-83.57742992610066,632.7267058948503,4.224782769657758,56804,2447,0,54357,US
"US, Grand Princess",,,,2.9126213592233015,103,3,0,100,US
"US, Guam",13.4443,144.7937,111.42977184297537,2.7322404371584703,183,5,0,178,US
"US, Hawaii",20.99064747,-157.41445579999998,47.77450441809013,1.4498977505112474,723,17,0,706,US
"US, Idaho",44.2455295545946,-114.58288728378378,225.4406586339486,1.4403423493587542,3353,87,0,3266,US
"US, Illinois",39.845604837920796,-89.16546062168317,282.5551505357869,3.413356707642734,131871,6289,0,125582,US
"US, Indiana",39.83735316565217,-86.21856844913039,437.5446730151402,5.093359823092448,39543,2413,0,37130,US
"US, Iowa",42.02991002353537,-93.46551942343434,600.4998875340442,2.4411931219033307,23717,650,0,23067,US
"US, Kansas",38.413820788043466,-97.8195662497826,365.11112354486005,2.16185714051918,11020,245,0,10775,US
"US, Kentucky",37.61460527151261,-85.20954889075628,194.76736017267905,3.168909661573109,12445,499,0,11946,US
"US, Louisiana",31.092427383437492,-91.82418665609377,928.8924680816825,6.410151931671266,46283,3004,0,43279,US
"US, Maine",44.68768840625,-69.523768628125,116.67406436447665,3.8959979496228367,2757,100,0,2657,US
"US, Maryland",39.014920690416666,-76.67546760874998,668.6910074898493,5.251382824891479,61305,2926,0,58379,US
"US, Massachusetts",42.17639998153847,-71.57704993461539,1180.3209178390168,7.583319416340649,105395,7576,0,97819,US
"US, Michigan",44.01164928353657,-85.13130273939028,236.42813036653308,5.72305772155313,65836,6013,0,59823,US
"US, Minnesota",45.51456929313952,-94.42546707697672,391.12805120479845,3.328976184271212,30172,1314,0,28858,US
"US, Mississippi",32.79355882555555,-89.62932823901235,817.3901804036469,4.633441588402992,19348,889,0,18459,US
"US, Missouri",38.456764881637945,-92.4994868846552,146.9532870130912,2.1206502640964353,16232,885,0,15347,US
"US, Montana",46.81118511272727,-110.69102515454544,76.17083268881062,2.272835786083758,588,18,0,570,US
"US, Nebraska",41.31246883414631,-98.88514892560973,549.9302460673302,2.6567233061560733,16640,215,0,16425,US
"US, Nevada",39.347973615624994,-117.55974313749998,164.550077424874,2.332836764078515,10997,462,0,10535,US
"US, New Hampshire",43.478972876,-71.57765670500001,208.89152480218323,2.893029230312551,5299,318,0,4981,US
"US, New Jersey",40.286440910952386,-74.62244971476191,1609.0223575989307,7.605958705507021,166605,12621,0,153984,US
"US, New Mexico",34.5036842278125,-105.91639915312498,326.01087251707895,4.437636955282037,9621,431,0,9190,US
"US, New York",42.67159317862068,-75.57969394672415,651.0473418925419,5.007317168148843,382630,30795,0,351835,US
"US, North Carolina",35.62420971000002,-79.50109873960002,385.1957358085554,2.6617591869854094,42845,1127,0,41718,US
"US, North Dakota",47.42272893282608,-100.08290302065218,156.05710235198327,2.1790522117270648,3058,74,0,2984,US
"US, Northern Mariana Islands",15.0979,145.6739,54.403017554040325,6.666666666666668,30,2,0,28,US
"US, Ohio",40.310669812954565,-82.83540800659091,297.20515974613096,5.378663985194053,40851,2556,0,38295,US
"US, Oklahoma",35.499976496081075,-97.14946544324326,224.48239790116412,4.364438429258525,8073,359,0,7714,US
"US, Oregon",44.459642409117635,-121.55694340882353,100.43432535819501,1.8325079361229526,5377,173,0,5204,US
"US, Pennsylvania",40.81807835477611,-77.61531783850747,337.8451132946538,5.3868638633990615,82944,6211,0,76733,US
"US, Puerto Rico",18.2208,-66.5901,193.97233524964818,2.565905096660809,5690,146,0,5544,US
"US, Recovered",,,,,0,0,556606,-626277,US
"US, Rhode Island",41.655142106,-71.464105098,751.4066808341338,7.424242424242425,15947,833,0,15114,US
"US, South Carolina",33.957472131086966,-80.9833996921739,404.9871228471475,3.4651516317780926,17955,599,0,17356,US
"US, South Dakota",44.21423719932202,-99.06143909288134,369.7592950558554,0.5843276205141059,5833,75,0,5758,US
"US, Tennessee",35.88510221221052,-86.10872298863156,500.3607215103193,1.5865563927741215,29549,472,0,29077,US
"US, Texas",31.685009404663866,-98.4919142758823,254.94947710227817,3.089335270057496,86915,1971,0,84944,US
"US, Utah",40.014400114615384,-111.46087804615384,537.1136504274235,0.5718410610108946,13981,139,0,13842,US
"US, Vermont",44.159495798571434,-72.68438070571429,128.49181994760391,2.0712141263710033,1125,55,0,1070,US
"US, Virgin Islands",18.3358,-64.8963,67.12160196890032,8.333333333333334,72,6,0,66,US
"US, Virginia",37.56615032526316,-78.51371173503755,518.139700454381,2.939384043060218,53869,1541,0,52328,US
"US, Washington",47.23378642,-120.71922041538465,225.21258652760838,2.8443398171446805,25538,1213,0,24325,US
"US, West Virginia",38.81169193981132,-80.6194920879245,110.98370668695433,2.7706110065083163,2274,88,0,2186,US
"US, Wisconsin",44.395143494861124,-89.79797998097222,168.01436893593382,4.764365810083046,22518,691,0,21827,US
"US, Wyoming",43.086885505217396,-107.15324220434782,170.6202930114239,0.24154589371980673,1050,18,0,1032,US
Uganda,1.373333,32.290275,1.5172383638311362,0.0,694,0,219,475,Uganda
"Ukraine, Cherkasy Oblast",49.4444,32.0598,44.431512884724256,3.544776119402985,536,19,356,161,Ukraine
"Ukraine, Chernihiv Oblast",51.4982,31.2893,38.28008093502826,2.3376623376623376,385,9,81,295,Ukraine
"Ukraine, Chernivtsi Oblast",48.2917,25.9352,427.80973358367226,4.23882140087878,3869,164,1215,2490,Ukraine
"Ukraine, Crimea Republic*",45.2835,34.2008,25.604434479035977,1.4285714285714286,490,7,361,122,Ukraine
"Ukraine, Dnipropetrovsk Oblast",48.4647,35.0462,30.87500705603065,2.2222222222222223,990,22,721,247,Ukraine
"Ukraine, Donetsk Oblast",48.0159,37.8028,6.961279204666648,2.0689655172413794,290,6,128,156,Ukraine
"Ukraine, Ivano-Frankivsk Oblast",48.9226,24.7111,123.42964000780628,5.3097345132743365,1695,90,1001,604,Ukraine
"Ukraine, Kharkiv Oblast",49.9935,36.2304,55.389486761464156,3.8461538461538463,1482,57,698,727,Ukraine
"Ukraine, Kherson Oblast",46.6354,32.6169,17.25068424501754,1.675977653631285,179,3,174,2,Ukraine
"Ukraine, Khmelnytskyi Oblast",49.423,26.9871,43.01398349812802,2.573529411764706,544,14,407,123,Ukraine
"Ukraine, Kiev",50.4501,30.5234,130.06642266504,2.2668056279312143,3838,87,1164,2587,Ukraine
"Ukraine, Kiev Oblast",50.053,30.7667,110.92005384798126,1.9377868434472207,1961,38,711,1212,Ukraine
"Ukraine, Kirovohrad Oblast",48.5079,32.2623,61.02274974644361,5.1993067590987865,577,30,471,76,Ukraine
"Ukraine, Luhansk Oblast",48.574,39.3078,2.602432437833233,0.0,56,0,46,10,Ukraine
"Ukraine, Lviv Oblast",49.8397,24.0297,105.391668031313,3.4612490594431904,2658,92,604,1962,Ukraine
"Ukraine, Mykolaiv Oblast",46.975,31.9946,12.688236933792384,2.1875,320,7,212,101,Ukraine
"Ukraine, Odessa Oblast",46.4846,30.7326,45.414290923695596,1.6651248843663276,1081,18,423,640,Ukraine
"Ukraine, Poltava Oblast",49.5883,34.5514,19.850918176371838,4.676258992805756,278,13,257,8,Ukraine
"Ukraine, Rivne Oblast",50.6199,26.2516,198.47904736969897,2.002612102742708,2297,46,1274,977,Ukraine
"Ukraine, Sevastopol*",44.6054,33.522,40.838336593631475,1.6574585635359116,181,3,152,26,Ukraine
"Ukraine, Sumy Oblast",50.9077,34.7981,19.234005722116702,2.4038461538461537,208,5,163,40,Ukraine
"Ukraine, Ternopil Oblast",49.5535,25.5948,134.1455369120137,1.8531717747683536,1403,26,1011,366,Ukraine
"Ukraine, Vinnytsia Oblast",49.2331,28.4682,87.73425173385695,1.5339663988312635,1369,21,851,497,Ukraine
"Ukraine, Volyn Oblast",50.7472,25.3254,130.7795582084939,3.028064992614476,1354,41,444,869,Ukraine
"Ukraine, Zakarpattia Oblast",48.6208,22.2879,125.95460541915115,2.46367656348705,1583,39,682,862,Ukraine
"Ukraine, Zaporizhia Oblast",47.8388,35.1396,30.5422092158918,3.071017274472169,521,16,335,170,Ukraine
"Ukraine, Zhytomyr Oblast",50.2547,28.6587,84.57678416447234,1.6472868217054264,1032,17,547,468,Ukraine
United Arab Emirates,23.424076,53.847818,424.5531019978969,0.6858775899023577,41990,288,26761,14941,United Arab Emirates
"United Kingdom, Anguilla",18.2206,-63.0686,19.99733368884149,0.0,3,0,3,0,United Kingdom
"United Kingdom, Bermuda",32.3078,-64.7505,228.02819841664927,6.338028169014086,142,9,127,6,United Kingdom
"United Kingdom, British Virgin Islands",18.4207,-64.64,26.457651222012768,12.5,8,1,7,0,United Kingdom
"United Kingdom, Cayman Islands",19.3133,-81.2546,284.5404747413268,0.5347593582887701,187,1,115,71,United Kingdom
"United Kingdom, Channel Islands",49.3723,-2.3644,331.3802426993707,8.495575221238939,565,48,512,5,United Kingdom
"United Kingdom, England",52.3555,-1.1743,280.0818904839828,23.752726716077103,156782,37240,0,119542,United Kingdom
"United Kingdom, Falkland Islands (Malvinas)",-51.7963,-59.5236,373.2414585127763,0.0,13,0,13,0,United Kingdom
"United Kingdom, Gibraltar",36.1408,-5.3536,522.3947048173103,0.0,176,0,173,3,United Kingdom
"United Kingdom, Isle of Man",54.2361,-4.5481,395.14535704205474,7.142857142857142,336,24,312,0,United Kingdom
"United Kingdom, Montserrat",16.742498,-62.187366,220.0440088017604,9.090909090909092,11,1,10,0,United Kingdom
"United Kingdom, Northern Ireland",54.7877,-6.4923,257.281037414966,11.134063210080562,4841,539,0,4302,United Kingdom
"United Kingdom, Scotland",56.4907,-4.2026,287.9212197755935,15.524475524475525,15730,2442,0,13288,United Kingdom
"United Kingdom, Turks and Caicos Islands",21.69400000000001,-71.7979,30.99333643266697,8.333333333333334,12,1,11,0,United Kingdom
"United Kingdom, Unknown",,,,0.0,102319,0,0,102319,United Kingdom
"United Kingdom, Wales",52.1307,-3.7837,468.4572739437966,9.800720941304496,14703,1441,0,13262,United Kingdom
Uruguay,-32.5228,-55.7658,24.383032978699823,2.7154663518299884,847,23,784,40,Uruguay
Uzbekistan,41.377491,64.585262,14.837522702589927,0.3826016915022151,4966,19,3874,1073,Uzbekistan
Venezuela,6.4238,-66.5897,10.212427279095333,0.8264462809917356,2904,24,487,2393,Venezuela
Vietnam,14.058324,108.277199,0.3431321781209821,0.0,334,0,323,11,Vietnam
West Bank and Gaza,31.9522,35.2332,9.585573887720583,0.6134969325153374,489,3,415,71,West Bank and Gaza
Western Sahara,24.2155,-12.8858,1.5067048365225253,11.111111111111109,9,1,8,0,Western Sahara
Yemen,15.552727,48.516388,2.3637120511897547,22.69503546099291,705,160,39,506,Yemen
Zambia,-13.133897,27.849332,7.381436291514188,0.7369196757553427,1357,10,1104,243,Zambia
Zimbabwe,-19.015438,29.154857,2.3952213450284727,1.1235955056179776,356,4,54,298,Zimbabwe
