,"Country, State",Lat,Long_,Incidence_Rate,Case-Fatality_Ratio,Confirmed,Deaths,Recovered,Active,Country
0,Afghanistan,33.93911,67.709953,60.48549564442009,1.8941646139471675,23546,446,3928,19172,Afghanistan
1,Albania,41.1533,20.1683,49.20425324900965,2.5423728813559316,1416,36,1034,346,Albania
2,Algeria,28.0339,1.6596,24.396227017906966,7.020003739016639,10698,751,7322,2625,Algeria
3,Andorra,42.5063,1.5218,1103.992752216398,5.9788980070339965,853,51,781,21,Andorra
4,Angola,-11.2027,17.8739,0.3955423232111416,3.8461538461538463,130,5,42,83,Angola
5,Antigua and Barbuda,17.0608,-61.7964,26.550118454374644,11.538461538461537,26,3,20,3,Antigua and Barbuda
6,Argentina,-38.4161,-63.6167,63.643114267069684,2.7291058267278543,28764,785,8743,19236,Argentina
7,Armenia,40.0691,45.0382,515.6865775703169,1.6883711798966037,15281,258,5639,9384,Armenia
8,"Australia, Australian Capital Territory",-35.4735,149.0124,25.227750525578127,2.7777777777777777,108,3,104,1,Australia
9,"Australia, New South Wales",-33.8688,151.2093,38.42079329884208,1.5389547932029497,3119,48,2763,308,Australia
10,"Australia, Northern Territory",-12.4634,130.8456,11.807817589576548,0.0,29,0,29,0,Australia
11,"Australia, Queensland",-27.4698,153.0251,20.81907926888867,0.5633802816901409,1065,6,1051,8,Australia
12,"Australia, South Australia",-34.9285,138.6007,25.04981497295759,0.9090909090909092,440,4,436,0,Australia
13,"Australia, Tasmania",-42.8821,147.3272,42.57703081232493,5.701754385964912,228,13,213,2,Australia
14,"Australia, Victoria",-37.8136,144.9631,25.686661940602427,1.1156782149148559,1703,19,1632,52,Australia
15,"Australia, Western Australia",-31.9505,115.8605,22.88451303885045,1.495016611295681,602,9,575,18,Australia
16,Austria,47.5162,14.5501,189.4652691419435,3.9556962025316458,17064,675,15985,404,Austria
17,Azerbaijan,40.1431,47.5769,90.91469473601157,1.2258624430462142,9218,113,5116,3989,Azerbaijan
18,Bahamas,25.025885,-78.035889,26.192123036862235,10.679611650485436,103,11,68,24,Bahamas
19,Bahrain,26.0275,50.55,1014.8784984335176,0.20846603740807226,17269,36,11903,5330,Bahrain
20,Bangladesh,23.685,90.3563,49.50106589445417,1.3431792254946455,81523,1095,17249,63179,Bangladesh
21,Barbados,13.1939,-59.5432,33.40629360652258,7.291666666666668,96,7,83,6,Barbados
22,Belarus,53.7098,27.9534,555.8071315388693,0.5674028941355674,52520,298,27760,24462,Belarus
23,Belgium,50.8333,4.469936,516.1430715219557,16.125311355923706,59819,9646,16498,33675,Belgium
24,Belize,17.1899,-88.4976,5.02991542197218,10.0,20,2,16,2,Belize
25,Benin,9.3077,2.3158,3.2004756500718705,1.2886597938144329,388,5,217,166,Benin
26,Bhutan,27.5142,90.4336,8.035126462522616,0.0,62,0,19,43,Bhutan
27,Bolivia,-16.2902,-63.5887,145.02662505164685,3.302026109043654,16929,559,2431,13939,Bolivia
28,Bosnia and Herzegovina,43.9159,17.6791,88.1793091045975,5.634289664707914,2893,163,2119,611,Bosnia and Herzegovina
29,Botswana,-22.3285,24.6849,2.041141763674055,2.083333333333333,48,1,24,23,Botswana
30,"Brazil, Acre",-9.0238,-70.812,1053.932546049312,2.732651963421194,9295,254,4775,4266,Brazil
31,"Brazil, Alagoas",-9.5713,-36.782,600.2054919506663,3.4995756577305177,20031,701,13094,6236,Brazil
32,"Brazil, Amapa",0.902,-52.003,1854.3721348750369,1.98941529044188,15683,312,7253,8118,Brazil
33,"Brazil, Amazonas",-3.4168,-65.8561,1329.7070861171785,4.4074685634446835,55111,2429,44447,8235,Brazil
34,"Brazil, Bahia",-12.5797,-41.7007,233.07235146705483,2.9972594836290205,34665,1039,14976,18650,Brazil
35,"Brazil, Ceara",-5.4984,-39.3206,829.0008035410997,6.324549237170596,75705,4788,53906,17011,Brazil
36,"Brazil, Distrito Federal",-15.7998,-47.8645,709.5886667453772,1.3180033651149747,21396,282,11825,9289,Brazil
37,"Brazil, Espirito Santo",-19.1834,-40.3089,628.4946437236385,3.9038682345488382,25257,986,13921,10350,Brazil
38,"Brazil, Goias",-15.827,-49.8362,111.7925941039737,2.4725975019118023,7846,194,0,7652,Brazil
39,"Brazil, Maranhao",-4.9609,-45.2744,814.1841176925368,2.428608627723288,57605,1399,31569,24637,Brazil
40,"Brazil, Mato Grosso",-12.6819,-56.9211,153.91167541884468,3.263099011747157,5363,175,1912,3276,Brazil
41,"Brazil, Mato Grosso do Sul",-20.7722,-54.7852,107.9890290919062,0.9330223258913696,3001,28,1552,1421,Brazil
42,"Brazil, Minas Gerais",-18.5122,-44.555,94.97944403154624,2.2182433104545907,20106,446,9822,9838,Brazil
43,"Brazil, Para",-1.9981,-54.9306,770.9989637173198,6.2296466047521415,66328,4132,53724,8472,Brazil
44,"Brazil, Paraiba",-7.24,-36.782,660.9049440199376,2.2970326856454286,26556,610,5620,20326,Brazil
45,"Brazil, Parana",-25.2521,-52.0215,76.13287333510175,3.377369327972429,8705,294,3044,5367,Brazil
46,"Brazil, Pernambuco",-8.8137,-36.9541,459.05277882732076,8.419948942377827,43872,3694,25794,14384,Brazil
47,"Brazil, Piaui",-7.7183,-42.7289,285.25366557223185,3.395094784191925,9337,317,671,8349,Brazil
48,"Brazil, Rio Grande do Norte",-5.4026,-36.9541,384.9890485857263,3.8071253981186577,13501,514,1993,10994,Brazil
49,"Brazil, Rio Grande do Sul",-30.0346,-51.2177,126.42786180372936,2.3428809788654057,14384,337,11592,2455,Brazil
50,"Brazil, Rio de Janeiro",-22.9068,-43.1729,450.5314613549549,9.535380026740716,77784,7417,61690,8677,Brazil
51,"Brazil, Rondonia",-11.5057,-63.5806,631.5463714498727,2.6372059871703493,11224,296,3700,7228,Brazil
52,"Brazil, Roraima",-2.7376,-62.0751,1108.0277535199523,2.8605482717520863,6712,192,1754,4766,Brazil
53,"Brazil, Santa Catarina",-27.2423,-50.2189,183.74584146802388,1.4508165590581086,13165,191,8919,4055,Brazil
54,"Brazil, Sao Paulo",-23.5505,-46.6333,365.6434609523381,6.175104228707564,167900,10368,49295,108237,Brazil
55,"Brazil, Sergipe",-10.5741,-37.3857,501.76273852653844,2.644355817582799,11534,305,4732,6497,Brazil
56,"Brazil, Tocantins",-10.1753,-48.2982,428.771427445186,1.8979833926453145,6744,128,3543,3073,Brazil
57,Brunei,4.5353,114.7277,32.229823787438605,1.4184397163120568,141,2,138,1,Brunei
58,Bulgaria,42.7339,25.4858,45.92394413426313,5.390159824506425,3191,172,1716,1303,Bulgaria
59,Burkina Faso,12.2383,-1.5616,4.2672732956046415,5.941704035874438,892,53,791,48,Burkina Faso
60,Burma,21.9162,95.956,0.4796930493800436,2.2988505747126435,261,6,165,90,Burma
61,Burundi,-3.3731,29.9189,0.7148395046549088,1.1764705882352942,85,1,45,39,Burundi
62,Cabo Verde,16.5388,-23.0418,125.36241789391138,0.860832137733142,697,6,294,397,Cabo Verde
63,Cambodia,11.55,104.9167,0.7536348977458003,0.0,126,0,125,1,Cambodia
64,Cameroon,3.848,11.5021,32.70189284477612,2.4421149637138577,8681,212,4836,3633,Cameroon
65,"Canada, Alberta",53.9333,-116.5765,166.45721668850294,2.0283147291042742,7346,149,6811,386,Canada
66,"Canada, British Columbia",53.7267,-127.6476,53.0041869198815,6.2015503875969005,2709,168,2354,187,Canada
67,"Canada, Diamond Princess",,,,,0,1,0,-1,Canada
68,"Canada, Grand Princess",,,,0.0,13,0,13,0,Canada
69,"Canada, Manitoba",53.7609,-98.8139,21.850910006918244,2.3255813953488373,301,7,289,5,Canada
70,"Canada, New Brunswick",46.5653,-66.4619,19.74376693124169,0.6493506493506493,154,1,125,28,Canada
71,"Canada, Newfoundland and Labrador",53.1355,-57.6604,50.06089783548954,1.1494252873563218,261,3,256,2,Canada
72,"Canada, Northwest Territories",64.8255,-124.8457,11.134865490824868,0.0,5,0,5,0,Canada
73,"Canada, Nova Scotia",44.682,-63.7443,108.54697444491163,5.843543826578699,1061,62,995,4,Canada
74,"Canada, Ontario",51.2538,-85.3232,226.87868746689315,7.708670381688537,33378,2573,26698,4107,Canada
75,"Canada, Prince Edward Island",46.5107,-63.4168,17.071536058877832,0.0,27,0,27,0,Canada
76,"Canada, Quebec",52.9399,-73.5491,628.5786971955125,9.59266574740059,53666,5148,20823,27695,Canada
77,"Canada, Saskatchewan",52.9399,-106.4509,56.10722488418893,1.96078431372549,663,13,627,23,Canada
78,"Canada, Yukon",64.2823,-135.0,26.778324163785967,0.0,11,0,11,0,Canada
79,Central African Republic,6.6111,20.9394,42.320908433621184,0.3424657534246575,2044,7,360,1677,Central African Republic
80,Chad,15.4542,18.7322,5.162591496736943,8.49056603773585,848,72,711,65,Chad
81,"Chile, Antofagasta",-23.6509,-70.3975,639.4703835505502,1.6731016731016732,3885,65,0,3820,Chile
82,"Chile, Araucania",-38.9489,-72.3311,269.4249203948084,1.357115160915083,2579,35,0,2544,Chile
83,"Chile, Arica y Parinacota",-18.594,-69.4785,447.2105738096502,0.9891196834817012,1011,10,0,1001,Chile
84,"Chile, Atacama",-27.5661,-70.0503,142.9342710006091,0.0,413,0,0,413,Chile
85,"Chile, Aysen",-45.9864,-73.7669,21.326508850501174,0.0,22,0,0,22,Chile
86,"Chile, Biobio",-37.4464,-72.1416,199.31847598125648,0.4511762810183693,3103,14,0,3089,Chile
87,"Chile, Coquimbo",-29.959,-71.3389,189.8134337223761,0.4867872044506258,1438,7,0,1431,Chile
88,"Chile, Los Lagos",-41.9198,-72.1416,130.6853559999421,1.10803324099723,1083,12,0,1071,Chile
89,"Chile, Los Rios",-40.231,-72.3311,124.468281376271,1.8789144050104385,479,9,0,470,Chile
90,"Chile, Magallanes",-52.368,-70.9863,664.7331159589991,1.3550135501355014,1107,15,0,1092,Chile
91,"Chile, Maule",-35.5183,-71.6885,257.5242834585386,0.7060572277963583,2691,19,0,2672,Chile
92,"Chile, Metropolitana",-33.4376,-70.6505,1823.386769332168,1.902940768269928,129694,2468,0,127226,Chile
93,"Chile, Nuble",-36.7226,-71.7622,357.46313531373744,1.1641443538998837,1718,20,0,1698,Chile
94,"Chile, OHiggins",-34.5755,-71.0022,178.11941326656137,1.8416206261510129,1629,30,0,1599,Chile
95,"Chile, Tarapaca",-19.9232,-69.5132,1156.5292626407468,1.2555584619408842,3823,48,0,3775,Chile
96,"Chile, Unknown",,,,,0,0,131358,-131358,Chile
97,"Chile, Valparaiso",-33.0472,-71.6127,339.83111423413817,1.9121698266083291,6171,118,0,6053,Chile
98,"China, Anhui",31.8257,117.2264,1.5670461733080334,0.6054490413723511,991,6,985,0,China
99,"China, Beijing",40.1824,116.4142,2.7901578458681517,1.4975041597337768,601,9,584,8,China
100,"China, Chongqing",30.0572,107.874,1.8665377176015476,1.0362694300518134,579,6,573,0,China
101,"China, Fujian",26.0789,117.9874,0.9160111646790154,0.2770083102493075,361,1,356,4,China
102,"China, Gansu",35.7518,104.2861,0.5271141448615851,1.4388489208633093,139,2,137,0,China
103,"China, Guangdong",23.3417,113.4244,1.4172395557905868,0.4975124378109453,1608,8,1590,10,China
104,"China, Guangxi",23.8298,108.7881,0.5156313438895656,0.7874015748031497,254,2,252,0,China
105,"China, Guizhou",26.8154,106.8748,0.4083333333333333,1.3605442176870748,147,2,145,0,China
106,"China, Hainan",19.1959,109.7453,1.8308351177730195,3.5087719298245608,171,6,162,3,China
107,"China, Hebei",37.8957,114.9042,0.4340921122286924,1.8292682926829267,328,6,322,0,China
108,"China, Heilongjiang",47.862,127.7615,2.5099390405512856,1.372756071805702,947,13,934,0,China
109,"China, Henan",33.882,113.614,1.3284747527329517,1.7241379310344829,1276,22,1254,0,China
110,"China, Hong Kong",22.3,114.2,14.77926868763829,0.36101083032490977,1108,4,1060,44,China
111,"China, Hubei",30.9756,112.2707,115.15125908399528,6.622147207749322,68135,4512,63623,0,China
112,"China, Hunan",27.6104,111.7088,1.4770256558921582,0.3925417075564279,1019,4,1015,0,China
113,"China, Inner Mongolia",44.0935,113.9448,0.9352801894238358,0.4219409282700422,237,1,232,4,China
114,"China, Jiangsu",32.9711,119.455,0.8110793690224817,0.0,653,0,653,0,China
115,"China, Jiangxi",27.614,115.7221,2.0051635111876074,0.1072961373390558,932,1,931,0,China
116,"China, Jilin",43.6661,126.1923,0.5732248520710059,1.2903225806451613,155,2,153,0,China
117,"China, Liaoning",41.2956,122.6085,0.3418215186969488,1.342281879194631,149,2,147,0,China
118,"China, Macau",22.1667,113.55,6.930092308829553,0.0,45,0,45,0,China
119,"China, Ningxia",37.2692,106.1655,1.0901162790697674,0.0,75,0,75,0,China
120,"China, Qinghai",35.7452,95.9956,0.29850746268656714,0.0,18,0,18,0,China
121,"China, Shaanxi",35.1917,108.8701,0.8048654244306418,0.964630225080386,311,3,306,2,China
122,"China, Shandong",36.3427,118.1498,0.7882950134368468,0.8838383838383839,792,7,781,4,China
123,"China, Shanghai",31.202,121.4491,2.8465346534653464,1.0144927536231885,690,7,666,17,China
124,"China, Shanxi",37.5777,112.2922,0.5325443786982249,0.0,198,0,198,0,China
125,"China, Sichuan",30.6171,102.7103,0.6989569595971706,0.5145797598627787,583,3,562,18,China
126,"China, Tianjin",39.3054,117.323,1.2564102564102564,1.5306122448979589,196,3,189,4,China
127,"China, Tibet",31.6927,88.0924,0.02906976744186046,0.0,1,0,1,0,China
128,"China, Xinjiang",41.1129,85.2401,0.30558906312826695,3.947368421052632,76,3,73,0,China
129,"China, Yunnan",24.974,101.487,0.3830227743271222,1.0810810810810811,185,2,183,0,China
130,"China, Zhejiang",29.1832,120.0934,2.2102143977688686,0.07886435331230282,1268,1,1267,0,China
131,"Colombia, Amazonas",-1.4429,-71.5724,2709.266343730823,3.6626506024096384,2075,76,1167,832,Colombia
132,"Colombia, Antioquia",7.1986,-75.3412,27.01689468967405,0.5777007510109763,1731,10,659,1062,Colombia
133,"Colombia, Arauca",7.0762,-70.7105,0.7628521516244936,0.0,2,0,1,1,Colombia
134,"Colombia, Atlantico",10.6966,-74.8741,312.79616740885587,4.160887656033287,7931,330,2390,5211,Colombia
135,"Colombia, Bolivar",8.6704,-74.03,223.3214660090527,4.412719013627513,4623,204,1484,2935,Colombia
136,"Colombia, Boyaca",5.4545,-73.362,19.385957994900508,5.932203389830509,236,14,139,83,Colombia
137,"Colombia, Caldas",5.2983,-75.2479,18.83286334653971,4.25531914893617,188,8,125,55,Colombia
138,"Colombia, Capital District",4.711,-74.0721,196.11292499790218,2.490197427254592,14537,362,6155,8020,Colombia
139,"Colombia, Caqueta",0.8699,-73.8419,6.2268206600928035,8.0,25,2,21,2,Colombia
140,"Colombia, Casanare",5.7589,-71.5724,8.561155185206324,0.0,36,0,32,4,Colombia
141,"Colombia, Cauca",2.705,-76.82600000000002,11.335019474382856,4.819277108433735,166,8,69,89,Colombia
142,"Colombia, Cesar",9.3373,-73.6536,41.563452148722185,2.8056112224448904,499,14,71,414,Colombia
143,"Colombia, Choco",5.2528,-76.82600000000002,107.69857860313448,2.7777777777777777,576,16,110,450,Colombia
144,"Colombia, Cordoba",8.0493,-75.574,13.615100547237393,5.349794238683128,243,13,70,160,Colombia
145,"Colombia, Cundinamarca",5.026,-74.03,54.298301508019705,2.5867507886435335,1585,41,452,1092,Colombia
146,"Colombia, Guainia",2.5854,-68.5247,14.548779980878749,14.285714285714285,7,1,0,6,Colombia
147,"Colombia, Guaviare",1.0654,-73.2603,2.4164220039387683,0.0,2,0,0,2,Colombia
148,"Colombia, Huila",2.5359,-75.5277,24.26421273989309,4.868913857677903,267,13,227,27,Colombia
149,"Colombia, La Guajira",11.3548,-72.5205,13.059870991187424,6.956521739130435,115,8,46,61,Colombia
150,"Colombia, Magdalena",10.4113,-74.4057,62.08328551007418,6.602641056422568,833,55,414,364,Colombia
151,"Colombia, Meta",3.272,-73.0877,96.46809435599131,1.1964107676969091,1003,12,939,52,Colombia
152,"Colombia, Narino",1.2892,-77.3579,124.4946620613863,3.5467980295566504,2030,72,633,1325,Colombia
153,"Colombia, Norte de Santander",7.9463,-72.8988,9.921639162050537,9.459459459459461,148,14,107,27,Colombia
154,"Colombia, Putumayo",0.436,-75.5277,3.4464733960974434,16.666666666666668,12,2,3,7,Colombia
155,"Colombia, Quindio",4.461,-75.6674,22.78182788051209,4.0650406504065035,123,5,95,23,Colombia
156,"Colombia, Risaralda",5.3158,-75.9928,32.011838020099624,3.6423841059602653,302,11,233,58,Colombia
157,"Colombia, San Andres y Providencia",12.5567,-81.7185,27.74151436031332,0.0,17,0,15,2,Colombia
158,"Colombia, Santander",6.6437,-73.6536,9.52016100056892,3.8461538461538463,208,8,52,148,Colombia
159,"Colombia, Sucre",8.814,-74.7233,19.229430311549926,2.8735632183908044,174,5,6,163,Colombia
160,"Colombia, Tolima",4.0925,-75.1545,23.60570355897329,4.140127388535031,314,13,206,95,Colombia
161,"Colombia, Unknown",,,,0.0,66,0,0,66,Colombia
162,"Colombia, Valle del Cauca",3.8009,-76.6413,117.4739481747301,4.659566375047547,5258,245,1891,3122,Colombia
163,"Colombia, Vaupes",0.8554,-70.812,26.962766870113,0.0,11,0,11,0,Colombia
164,"Colombia, Vichada",4.4234,-69.2878,0.9275749480558028,0.0,1,0,0,1,Colombia
165,Comoros,-11.6455,43.3333,18.744358005738302,1.2269938650306749,163,2,97,64,Comoros
166,Congo (Brazzaville),-0.228,15.8277,13.192965974470885,3.2967032967032965,728,24,221,483,Congo (Brazzaville)
167,Congo (Kinshasa),-4.0383,21.7587,5.177453448585956,2.1781324131981883,4637,101,580,3956,Congo (Kinshasa)
168,Costa Rica,9.7489,-83.7534,31.644364456704345,0.7444168734491315,1612,12,731,869,Costa Rica
169,Cote d'Ivoire,7.54,-5.5471,17.757036803960837,0.9607173356105893,4684,45,2263,2376,Cote d'Ivoire
170,Croatia,45.1,15.2,54.78326871717023,4.757670075589151,2249,107,2133,9,Croatia
171,Cuba,21.521757,-77.78116700000002,19.71462615135889,3.761755485893417,2233,84,1902,247,Cuba
172,Cyprus,35.1264,33.4299,81.16876394052815,1.836734693877551,980,18,807,155,Cyprus
173,Czechia,49.8175,15.473,92.80060420308857,3.3105252565908634,9938,329,7215,2394,Czechia
174,Denmark,56.2639,9.5018,208.88425353876582,4.909496652615919,12099,594,10993,512,Denmark
175,"Denmark, Faroe Islands",61.8926,-6.9118,382.686994781541,0.0,187,0,187,0,Denmark
176,"Denmark, Greenland",71.7069,-42.6043,22.898611991826957,0.0,13,0,13,0,Denmark
177,Diamond Princess,,,,1.8258426966292132,712,13,651,48,Diamond Princess
178,Djibouti,11.8251,42.5903,449.49301722061284,0.8556631389326729,4441,38,2730,1673,Djibouti
179,Dominica,15.415,-61.371,25.003125390673837,0.0,18,0,16,2,Dominica
180,Dominican Republic,18.7357,-70.1627,202.8779015743502,2.5808796801163214,22008,568,12754,8686,Dominican Republic
181,Ecuador,-1.8312,-78.1834,259.4674619935544,8.362095329634322,45778,3828,22679,19271,Ecuador
182,Egypt,26.820553000000004,30.802498,40.360815902741926,3.4428491877103364,41303,1422,11108,28773,Egypt
183,El Salvador,13.7942,-88.8965,53.66777871977757,1.9534616489514507,3481,68,1587,1826,El Salvador
184,Equatorial Guinea,1.6508,10.2679,93.08723899400208,0.9188361408882084,1306,12,200,1094,Equatorial Guinea
185,Eritrea,15.1794,39.7823,1.1560931608066372,0.0,41,0,39,2,Eritrea
186,Estonia,58.5953,25.0136,148.50675328806767,3.5025380710659904,1970,69,1703,198,Estonia
187,Eswatini,-26.5225,31.4659,40.68390331022166,0.6355932203389829,472,3,246,223,Eswatini
188,Ethiopia,9.145,40.4897,2.5355855514698082,1.6123499142367066,2915,47,451,2417,Ethiopia
189,Fiji,-17.7134,178.065,2.0079335686334003,0.0,18,0,18,0,Fiji
190,Finland,61.92411,25.748151,127.6549356960596,4.594938498515481,7073,325,6200,548,Finland
191,France,46.2276,2.2137,289.4252112556775,15.517314390370426,188918,29315,69578,90025,France
192,"France, French Guiana",4.0,-53.0,349.2008222792134,0.1917545541706616,1043,2,489,552,France
193,"France, French Polynesia",-17.6797,-149.4068,21.359610400706288,0.0,60,0,60,0,France
194,"France, Guadeloupe",16.265,-61.551,42.73643118309936,8.187134502923977,171,14,157,0,France
195,"France, Martinique",14.6415,-61.0242,53.828627769709406,6.9306930693069315,202,14,98,90,France
196,"France, Mayotte",-12.8275,45.166244,831.338682540788,1.2345679012345678,2268,28,1790,450,France
197,"France, New Caledonia",-20.904305,165.618042,7.355748517466401,0.0,21,0,20,1,France
198,"France, Reunion",-21.1151,55.5364,54.506382161222724,0.20491803278688525,488,1,460,27,France
199,"France, Saint Barthelemy",17.9,-62.8333,60.69802731411229,0.0,6,0,6,0,France
200,"France, Saint Pierre and Miquelon",46.8852,-56.3159,17.25625539257981,0.0,1,0,1,0,France
201,"France, St Martin",18.0708,-63.0501,108.64223078713884,7.142857142857142,42,3,36,3,France
202,Gabon,-0.8037,11.6094,155.5895419386376,0.6641640196361536,3463,23,1024,2416,Gabon
203,Gambia,13.4432,-15.3101,1.1586219681345855,3.571428571428572,28,1,22,5,Gambia
204,Georgia,42.3154,43.3569,21.132188986444568,1.5421115065243178,843,13,697,133,Georgia
205,"Germany, Baden-Wurttemberg",48.6616,9.3501,317.03234454425495,5.143329344047416,35094,1805,32800,489,Germany
206,"Germany, Bayern",48.7904,11.4979,363.85268141761225,5.334174022698614,47580,2538,44100,942,Germany
207,"Germany, Berlin",52.52,13.405,198.939537854482,2.868569852434147,7251,208,6582,461,Germany
208,"Germany, Brandenburg",52.4125,12.5316,131.89130054854522,5.1313009357078165,3313,170,3100,43,Germany
209,"Germany, Bremen",53.0793,8.8017,231.92276269206104,2.8409090909090913,1584,45,1400,139,Germany
210,"Germany, Hamburg",53.5511,9.9937,278.84306740409266,4.947409427347098,5134,254,4800,80,Germany
211,"Germany, Hessen",50.6521,9.1624,164.59167523299863,4.741588286628527,10313,489,9500,324,Germany
212,"Germany, Mecklenburg-Vorpommern",53.6127,12.4296,48.51911100066784,2.5608194622279132,781,20,738,23,Germany
213,"Germany, Niedersachsen",52.6367,9.8451,160.06367971329098,4.797683337246616,12777,613,11200,964,Germany
214,"Germany, Nordrhein-Westfalen",51.4332,7.6616,217.81497894538848,4.206349206349207,39060,1643,36000,1417,Germany
215,"Germany, Rheinland-Pfalz",50.1183,7.309,167.13000545430867,3.3836238464918704,6827,231,6417,179,Germany
216,"Germany, Saarland",49.3964,7.023,279.5532397989317,6.139400505597688,2769,170,2531,68,Germany
217,"Germany, Sachsen",51.1045,13.2017,131.09569863389257,4.09652076318743,5346,219,5000,127,Germany
218,"Germany, Sachsen-Anhalt",51.9503,11.6923,78.5664765222085,3.2276657060518734,1735,56,1627,52,Germany
219,"Germany, Schleswig-Holstein",54.2194,9.6961,107.70832585358849,4.743589743589744,3120,148,2900,72,Germany
220,"Germany, Thuringen",51.011,10.8453,147.0735764495636,5.5203045685279175,3152,174,2840,138,Germany
221,"Germany, Unknown",,,,0.0,1390,0,0,1390,Germany
222,Ghana,7.9465,-1.0232,34.9371454813826,0.4421518054532056,10856,48,3921,6887,Ghana
223,Greece,39.0742,21.8243,29.81851004158473,5.888030888030888,3108,183,1374,1551,Greece
224,Grenada,12.1165,-61.679,20.44099218798603,0.0,23,0,22,1,Grenada
225,Guatemala,15.7835,-90.2308,50.13517015676925,3.9078156312625247,8982,351,1702,6929,Guatemala
226,Guinea,9.9456,-9.6966,33.70189674823145,0.5422503389064618,4426,24,3106,1296,Guinea
227,Guinea-Bissau,11.8037,-15.1804,74.18706726327973,1.0273972602739727,1460,15,153,1292,Guinea-Bissau
228,Guyana,4.860416000000002,-58.93018000000001,20.214631070269363,7.547169811320754,159,12,95,52,Guyana
229,Haiti,18.9712,-72.2852,34.562495894552555,1.6239533113422988,3941,64,24,3853,Haiti
230,Holy See,41.9029,12.4534,1483.3127317676144,0.0,12,0,12,0,Holy See
231,Honduras,15.2,-86.2419,82.10319883432034,3.7629119527791435,8132,306,844,6982,Honduras
232,Hungary,47.1625,19.5033,41.95500163037571,13.693560325684675,4053,555,2447,1051,Hungary
233,Iceland,64.9631,-19.0208,529.5238095238095,0.5534034311012729,1807,10,1794,3,Iceland
234,"India, Andaman and Nicobar Islands",11.225999,92.968178,9.111923191283246,0.0,38,0,33,5,India
235,"India, Andhra Pradesh",15.9129,79.74,10.071722201235088,1.4735678762202984,5429,80,3048,2301,India
236,"India, Arunachal Pradesh",27.768456,96.384277,3.8842172156148083,0.0,61,0,4,57,India
237,"India, Assam",26.357149,92.830441,9.32119067805666,0.1807773425730642,3319,6,1432,1881,India
238,"India, Bihar",25.679658,85.60484,4.7940733554601636,0.6017048303526659,5983,36,3266,2681,India
239,"India, Chandigarh",30.733839,76.76827800000002,28.658414999745354,1.5060240963855422,332,5,286,41,India
240,"India, Chhattisgarh",21.264705,82.035366,4.74924931795786,0.4291845493562232,1398,6,447,945,India
241,"India, Dadra and Nagar Haveli and Daman and Diu",20.194742,73.080901,4.872312919424937,0.0,30,0,2,28,India
242,"India, Delhi",28.646519,77.10898,185.3837026310088,3.1279730158272545,34687,1085,12731,20871,India
243,"India, Goa",15.359682,74.057396,26.28841607565012,0.0,417,0,67,350,India
244,"India, Gujarat",22.694884,71.590923,34.49377249788285,6.2863108206245455,22032,1385,15101,5546,India
245,"India, Haryana",29.20004,76.332824,21.159599970104264,1.0723860589812333,5968,64,2260,3644,India
246,"India, Himachal Pradesh",31.927213,77.233081,6.307069755520531,1.2765957446808511,470,6,280,184,India
247,"India, Jammu and Kashmir",33.75943,76.612638,33.61673104851275,1.1368605159597729,4574,52,1820,2702,India
248,"India, Jharkhand",23.654536,85.557631,4.143136638936239,0.5003126954346466,1599,8,630,961,India
249,"India, Karnataka",14.70518,76.166436,9.243267800217417,1.1529223378702962,6245,72,2977,3196,India
250,"India, Kerala",10.450898,76.405749,6.285812358472932,0.8021390374331551,2244,18,968,1258,India
251,"India, Ladakh",34.1526,77.5771,49.21816040745345,0.7407407407407407,135,1,54,80,India
252,"India, Madhya Pradesh",23.541513,78.289633,11.997568152331743,4.208573381505713,10241,431,7042,2768,India
253,"India, Maharashtra",19.449759,76.108221,79.29564020230166,3.6764705882352944,97648,3590,46078,47980,India
254,"India, Manipur",24.738975,93.882541,11.838740823762874,0.0,366,0,73,293,India
255,"India, Meghalaya",25.536934,91.278882,1.3069138714056157,2.272727272727273,44,1,18,25,India
256,"India, Mizoram",23.309381,92.83822,8.230824599513896,0.0,102,0,1,101,India
257,"India, Nagaland",26.06702,94.470302,5.689660153931977,0.0,128,0,22,106,India
258,"India, Odisha",20.505428,84.418059,7.304287694535983,0.26580035440047256,3386,9,2354,1023,India
259,"India, Puducherry",11.882658,78.86498,11.106850733830335,1.2738853503184713,157,2,67,88,India
260,"India, Punjab",30.841465000000003,75.40879,9.578196719837546,2.0436439210252857,2887,59,2259,569,India
261,"India, Rajasthan",26.583423,73.847973,14.608919123984645,2.238553809765163,11838,265,8775,2798,India
262,"India, Sikkim",27.571671,88.472712,2.028247695403556,0.0,14,0,2,12,India
263,"India, Tamil Nadu",11.006091,78.400624,49.737114376619786,0.901436098770534,38716,349,20705,17662,India
264,"India, Telangana",18.1124,79.0193,10.974847985653028,3.8194444444444446,4320,165,1993,2162,India
265,"India, Tripura",23.746783,91.743565,21.89556606393505,0.1095290251916758,913,1,278,634,India
266,"India, Unknown",,,,0.0,8315,0,0,8315,India
267,"India, Uttar Pradesh",26.925425,80.560982,5.0814955142287035,2.8540701522170746,12088,345,7292,4451,India
268,"India, Uttarakhand",30.156447,79.197608,14.603330697089946,0.9129640900791236,1643,15,842,786,India
269,"India, West Bengal",23.814082,87.979803,9.806312970586694,4.524979524979525,9768,442,3988,5338,India
270,Indonesia,-0.7893,113.9213,13.310002210010225,5.625446354996429,36406,2048,13213,21145,Indonesia
271,Iran,32.427908,53.68804599999999,217.30989741484626,4.744007670182167,182525,8659,144649,29217,Iran
272,Iraq,33.223191,43.679291,44.179249610597324,2.7912211592571747,17770,496,6868,10406,Iraq
273,Ireland,53.1424,-7.6921,511.3617492500703,6.752475247524752,25250,1705,22698,847,Ireland
274,Israel,31.046051,34.851612,217.14413922827012,1.5961691939345568,18795,300,15288,3207,Israel
275,"Italy, Abruzzo",42.35122196,13.39843823,249.39386083959803,13.848975848364415,3271,453,2290,528,Italy
276,"Italy, Basilicata",40.63947052,15.80514834,71.24215403584138,6.733167082294265,401,27,362,12,Italy
277,"Italy, Calabria",38.90597598,16.59440194,59.62618847935757,8.354866494401378,1161,97,1017,47,Italy
278,"Italy, Campania",40.83956555,14.25084984,79.4251056415956,9.331597222222221,4608,430,3832,346,Italy
279,"Italy, Emilia-Romagna",44.49436681,11.3417208,628.5041945501681,14.970743542172114,28028,4196,22015,1817,Italy
280,"Italy, Friuli Venezia Giulia",45.6494354,13.76813649,270.7328714142295,10.395136778115502,3290,342,2840,108,Italy
281,"Italy, Lazio",41.89277044,12.48366722,134.64687173949946,9.866093986862053,7916,781,4913,2222,Italy
282,"Italy, Liguria",44.41149315,8.9326992,636.5758654491049,15.358119744706714,9871,1516,8106,249,Italy
283,"Italy, Lombardia",45.46679409,9.190347404,906.5486720737804,17.98714968641726,91204,16405,57775,17024,Italy
284,"Italy, Marche",43.61675973,13.5188753,442.6754327591622,14.706753554502368,6752,993,5009,750,Italy
285,"Italy, Molise",41.55774754,14.65916051,143.643841801994,5.239179954441913,439,23,302,114,Italy
286,"Italy, P.A. Bolzano",46.49933453,11.35662422,489.9327093955117,11.1579754601227,2608,291,2216,101,Italy
287,"Italy, P.A. Trento",46.06893511,11.12123097,820.6228828742302,10.443394103083502,4443,464,3911,68,Italy
288,"Italy, Piemonte",45.0732745,7.680687483,711.343249458384,12.894898189680207,30989,3996,24096,2897,Italy
289,"Italy, Puglia",41.12559576,16.86736689,112.06107241577612,11.782945736434106,4515,532,3544,439,Italy
290,"Italy, Sardegna",39.21531192,9.110616306,83.13048803024657,9.611151870873076,1363,131,1190,42,Italy
291,"Italy, Sicilia",38.11569725,13.362356699999998,69.1015064128398,8.075253256150507,3455,279,2335,841,Italy
292,"Italy, Toscana",43.76923077,11.25588885,272.54633891036696,10.624692572552876,10165,1080,8575,510,Italy
293,"Italy, Umbria",43.10675841,12.38824698,162.80902252229268,5.2924791086350975,1436,76,1336,24,Italy
294,"Italy, Valle d'Aosta",45.73750286,7.320149366,947.750385943692,12.090680100755668,1191,144,1038,9,Italy
295,"Italy, Veneto",45.43490485,12.33845213,391.34878453374273,10.245325277358196,19199,1967,16383,849,Italy
296,Jamaica,18.1096,-77.2975,20.73511031652788,1.6286644951140066,614,10,417,187,Jamaica
297,"Japan, Aichi",35.035551,137.211621,6.8059286788990665,6.6147859922178975,514,34,465,15,Japan
298,"Japan, Akita",39.748679,140.408228,1.6554749661144967,0.0,16,0,16,0,Japan
299,"Japan, Aomori",40.781541,140.828896,2.1662891707204355,3.703703703703704,27,1,26,0,Japan
300,"Japan, Chiba",35.510141,140.198917,14.793792741839368,4.859611231101511,926,45,847,34,Japan
301,"Japan, Ehime",33.624835,132.856842,6.122989960536582,4.878048780487805,82,4,69,9,Japan
302,"Japan, Fukui",35.846614,136.22465400000002,15.886719874156347,6.557377049180328,122,8,113,1,Japan
303,"Japan, Fukuoka",33.526032,130.666949,16.027653776814727,3.4229828850855744,818,28,671,119,Japan
304,"Japan, Fukushima",37.378867,140.223295,4.389009270562915,0.0,81,0,78,3,Japan
305,"Japan, Gifu",35.778671,137.055925,7.701651123258131,4.575163398692809,153,7,142,4,Japan
306,"Japan, Gunma",36.504479,138.985605,7.773663856478603,12.582781456953642,151,19,126,6,Japan
307,"Japan, Hiroshima",34.605309000000005,132.788719,5.8840793573301555,1.818181818181818,165,3,162,0,Japan
308,"Japan, Hokkaido",43.385711,142.552318,21.809320255868087,7.947598253275109,1145,91,921,133,Japan
309,"Japan, Hyogo",35.039913,134.828057,12.787700390948725,6.151645207439199,699,43,653,3,Japan
310,"Japan, Ibaraki",36.303588,140.319591,5.873495397522015,5.9523809523809526,168,10,155,3,Japan
311,"Japan, Ishikawa",36.769464,136.771027,26.282271596951254,9.03010033444816,299,27,241,31,Japan
312,"Japan, Kagawa",34.217292,133.969047,2.927807584485548,0.0,28,0,28,0,Japan
313,"Japan, Kagoshima",31.009484000000004,130.430665,0.6865247058397664,0.0,11,0,10,1,Japan
314,"Japan, Kanagawa",35.415312,139.338983,15.231128295022495,6.423982869379015,1401,90,1202,109,Japan
315,"Japan, Kochi",33.422519,133.367307,10.601278743433296,4.0540540540540535,74,3,71,0,Japan
316,"Japan, Kumamoto",32.608154,130.74523100000002,2.6894533943476846,6.382978723404255,47,3,44,0,Japan
317,"Japan, Kyoto",35.253815,135.443341,13.937514252076205,5.0,360,18,337,5,Japan
318,"Japan, Mie",34.508018,136.376013,2.526837825302294,2.2222222222222223,45,1,44,0,Japan
319,"Japan, Miyagi",38.446859,140.927086,3.8155278977958815,1.1363636363636365,88,1,87,0,Japan
320,"Japan, Miyazaki",32.193203999999994,131.299374,1.583898645393976,0.0,17,0,17,0,Japan
321,"Japan, Nagano",36.132134,138.045528,3.660697289619727,0.0,75,0,72,3,Japan
322,"Japan, Nagasaki",33.235712,129.608033,1.2815448495466346,5.882352941176472,17,1,16,0,Japan
323,"Japan, Nara",34.317451,135.871644,6.916653572639523,2.1739130434782608,92,2,89,1,Japan
324,"Japan, Niigata",37.521819,138.918647,3.688533070397903,0.0,82,0,81,1,Japan
325,"Japan, Oita",33.200697,131.43323999999998,5.284322998958988,1.6666666666666667,60,1,59,0,Japan
326,"Japan, Okayama",34.89246,133.826252,1.323041131761137,0.0,25,0,25,0,Japan
327,"Japan, Okinawa",25.768923,126.668016,9.978199354788986,4.137931034482759,145,6,139,0,Japan
328,"Japan, Osaka",34.620965000000005,135.507481,20.273883594080527,4.759238521836506,1786,85,1655,46,Japan
329,"Japan, Port Quarantine",,,,0.0,239,0,170,69,Japan
330,"Japan, Saga",33.286977,130.115738,5.523431008050707,0.0,45,0,47,-2,Japan
331,"Japan, Saitama",35.997101,139.347635,13.878130691989448,5.0,1020,51,936,33,Japan
332,"Japan, Shiga",35.21582700000001,136.138064,7.072420882595693,1.0,100,1,97,2,Japan
333,"Japan, Shimane",35.07076,132.55406399999998,3.5590038348266315,0.0,24,0,23,1,Japan
334,"Japan, Shizuoka",34.916975,138.40778400000002,2.1407822308487816,1.2820512820512822,78,1,73,4,Japan
335,"Japan, Tochigi",36.689912,139.819213,3.4126339846638296,0.0,66,0,63,3,Japan
336,"Japan, Tokushima",33.919178,134.242091,0.6868348862670112,20.0,5,1,4,0,Japan
337,"Japan, Tokyo",35.711343,139.446921,39.344390421634365,5.714807376300894,5477,313,4856,308,Japan
338,"Japan, Tottori",35.359069,133.863619,0.5399976240104544,0.0,3,0,3,0,Japan
339,"Japan, Toyama",36.637464,137.26934599999998,21.75367177063389,9.691629955947137,227,22,202,3,Japan
340,"Japan, Unknown",,,,0.0,8,0,0,8,Japan
341,"Japan, Wakayama",33.911879,135.505446,6.811304170139892,4.761904761904762,63,3,60,0,Japan
342,"Japan, Yamagata",38.448396,140.102154,6.402725890953227,0.0,69,0,67,2,Japan
343,"Japan, Yamaguchi",34.201190000000004,131.573293,2.7239210327930645,0.0,37,0,36,1,Japan
344,"Japan, Yamanashi",35.612364,138.61148899999998,8.63178766788827,1.4285714285714286,70,1,64,5,Japan
345,Jordan,31.24,36.51,8.967827551126419,0.9836065573770492,915,9,671,235,Jordan
346,Kazakhstan,48.0196,66.9237,73.87876905146359,0.5046136101499423,13872,70,8829,4973,Kazakhstan
347,Kenya,-0.0236,37.9062,6.1464015190259484,2.9046898638426626,3305,96,1164,2045,Kenya
348,"Korea, South",35.90775700000001,127.766922,23.505348232289947,2.2985644344867646,12051,277,10691,1083,Korea
349,Kosovo,42.602636,20.902977,73.24485766966457,2.337858220211161,1326,31,921,374,Kosovo
350,Kuwait,29.31166,47.481766,818.4400979449314,0.8154039826047149,34952,285,25048,9619,Kuwait
351,Kyrgyzstan,41.20438,74.766098,33.199518530343454,1.2003693444136658,2166,26,1668,472,Kyrgyzstan
352,Laos,19.85627,102.495496,0.261148426319583,0.0,19,0,19,0,Laos
353,Latvia,56.8796,24.6032,58.10618374914247,2.4635036496350367,1096,27,818,251,Latvia
354,Lebanon,33.8547,35.8623,20.833815597583282,2.1800281293952177,1422,31,853,538,Lebanon
355,Lesotho,-29.609988,28.233608,0.1867193962241604,0.0,4,0,2,2,Lesotho
356,Liberia,6.4280550000000005,-9.429499,8.32397956611306,7.600950118764845,421,32,210,179,Liberia
357,Libya,26.3351,17.228331,5.952305587002843,1.4669926650366751,409,6,59,344,Libya
358,Liechtenstein,47.14,9.55,215.0142905839473,1.2195121951219512,82,1,55,26,Liechtenstein
359,Lithuania,55.1694,23.8813,64.50449272322467,4.214123006833713,1756,74,1400,282,Lithuania
360,Luxembourg,49.8153,6.1296,647.7884136133015,2.7127003699136867,4055,110,3918,27,Luxembourg
361,MS Zaandam,,,,22.222222222222218,9,2,0,7,MS Zaandam
362,Madagascar,-18.766947,46.869107,4.477986165839545,0.8064516129032258,1240,10,344,886,Madagascar
363,Malawi,-13.254307999999998,34.301525,2.5143812413568143,0.8316008316008316,481,4,65,412,Malawi
364,Malaysia,4.210483999999999,101.975766,25.959341652310552,1.4163294453701498,8402,119,7168,1115,Malaysia
365,Maldives,3.2028,73.2207,370.5539995042013,0.3994008986520219,2003,8,1193,802,Maldives
366,Mali,17.570692,-3.996166000000001,8.651495538405975,5.764840182648403,1752,101,1023,628,Mali
367,Malta,35.9375,14.3754,146.07996122652813,1.3953488372093024,645,9,600,36,Malta
368,Mauritania,21.0079,-10.9408,33.80892366323559,5.1526717557251915,1572,81,278,1213,Mauritania
369,Mauritius,-20.348404,57.552152,26.498564595558783,2.967359050445104,337,10,325,2,Mauritius
370,"Mexico, Aguascalientes",21.8853,-102.2916,97.65550122505027,4.925053533190578,1401,69,936,396,Mexico
371,"Mexico, Baja California",30.8406,-115.2838,186.1415600236377,21.268105232042565,6766,1439,4660,667,Mexico
372,"Mexico, Baja California Sur",26.0444,-111.6661,114.6999905555804,5.200433369447454,923,48,684,191,Mexico
373,"Mexico, Campeche",19.8301,-90.5349,92.44296269201902,13.729729729729732,925,127,612,186,Mexico
374,"Mexico, Chiapas",16.7569,-93.1292,54.08030585126571,8.518877057115198,3099,264,2193,642,Mexico
375,"Mexico, Chihuahua",28.63300000000001,-106.0691,56.55681579339874,20.88372093023256,2150,449,1620,81,Mexico
376,"Mexico, Ciudad de Mexico",19.4326,-99.1332,391.10088045377097,12.477319119981857,35272,4401,26574,4297,Mexico
377,"Mexico, Coahuila",27.0587,-101.7068,58.53258438136899,6.528662420382164,1884,123,1372,389,Mexico
378,"Mexico, Colima",19.1223,-104.0072,33.624019777037084,13.636363636363635,264,36,151,77,Mexico
379,"Mexico, Durango",24.5593,-104.6588,45.79999101121672,7.593457943925233,856,65,447,344,Mexico
380,"Mexico, Guanajuato",21.019000000000002,-101.2574,51.71659434746133,5.5262340887923,3221,178,2022,1021,Mexico
381,"Mexico, Guerrero",17.4392,-99.5451,86.40849122024102,16.20253164556962,3160,512,2331,317,Mexico
382,"Mexico, Hidalgo",20.0911,-98.7624,84.7585579899521,17.16360856269113,2616,449,1691,476,Mexico
383,"Mexico, Jalisco",20.6595,-103.3494,44.04441398752606,8.61231101511879,3704,319,2150,1235,Mexico
384,"Mexico, Mexico",19.4969,-99.7233,128.72544367358108,8.402424890790764,22434,1885,17614,2935,Mexico
385,"Mexico, Michoacan",19.5665,-101.7068,69.03053238476969,8.045631942359652,3331,268,2403,660,Mexico
386,"Mexico, Morelos",18.6813,-99.1013,88.45150186540695,18.47345132743363,1808,334,1208,266,Mexico
387,"Mexico, Nayarit",21.7514,-104.8455,73.80268530022792,11.35646687697161,951,108,597,246,Mexico
388,"Mexico, Nuevo Leon",25.5922,-99.9962,41.58531861787013,6.686669524217745,2333,156,1616,561,Mexico
389,"Mexico, Oaxaca",17.0732,-96.7266,67.5259370309777,11.436740528949251,2798,320,1894,584,Mexico
390,"Mexico, Puebla",19.0414,-98.2063,78.21997619484193,13.879210220673635,5166,717,3431,1018,Mexico
391,"Mexico, Queretaro",20.5888,-100.3899,60.31662058476854,13.236363636363635,1375,182,911,282,Mexico
392,"Mexico, Quintana Roo",19.1817,-88.4791,138.34252425201322,19.253355704697988,2384,459,1622,303,Mexico
393,"Mexico, San Luis Potosi",22.1565,-100.9855,54.7774674108959,5.477707006369426,1570,86,1045,439,Mexico
394,"Mexico, Sinaloa",25.1721,-107.4795,168.3417419727219,16.033120060218288,5314,852,3822,640,Mexico
395,"Mexico, Sonora",29.2972,-110.3309,120.82302760066284,6.567967698519516,3715,244,3132,339,Mexico
396,"Mexico, Tabasco",17.8409,-92.6189,244.29622355514758,11.394016549968171,6284,716,4548,1020,Mexico
397,"Mexico, Tamaulipas",24.2669,-98.8363,77.00099873938599,6.688011383849164,2811,188,2047,576,Mexico
398,"Mexico, Tlaxcala",19.3139,-98.2404,117.68022138953964,13.669950738916256,1624,222,1105,297,Mexico
399,"Mexico, Veracruz",19.1738,-96.1342,71.81614878554244,15.278004239360836,6133,937,4372,824,Mexico
400,"Mexico, Yucatan",20.7099,-89.0943,107.25519654304506,9.90507635163021,2423,240,1787,396,Mexico
401,"Mexico, Zacatecas",22.7709,-102.5832,30.064341290882407,10.978043912175648,501,55,279,167,Mexico
402,Moldova,47.4116,28.3699,274.9901275742985,3.470657171189038,11093,385,6229,4479,Moldova
403,Monaco,43.7333,7.4167,252.26786260320046,4.040404040404041,99,4,93,2,Monaco
404,Mongolia,46.8625,103.8467,6.009226755883857,0.0,197,0,95,102,Mongolia
405,Montenegro,42.708678000000006,19.37439,51.58726367778977,2.7777777777777777,324,9,315,0,Montenegro
406,Morocco,31.7917,-7.0926,23.32665900092868,2.4622531939605112,8610,212,7618,780,Morocco
407,Mozambique,-18.665695,35.529562,1.628516768363646,0.3929273084479371,509,2,145,362,Mozambique
408,Namibia,-22.9576,18.4904,1.220032460734633,0.0,31,0,17,14,Namibia
409,Nepal,28.1667,84.25,17.37321397731694,0.3160806005531411,5062,16,877,4169,Nepal
410,Netherlands,52.1326,5.2913,282.82088813847645,12.490456243164608,48461,6053,0,42408,Netherlands
411,"Netherlands, Aruba",12.5211,-69.9683,94.59940430474121,2.9702970297029703,101,3,98,0,Netherlands
412,"Netherlands, Bonaire, Sint Eustatius and Saba",12.1784,-68.2385,26.696159566759466,0.0,7,0,7,0,Netherlands
413,"Netherlands, Curacao",12.1696,-68.99,13.406459475929312,4.545454545454546,22,1,15,6,Netherlands
414,"Netherlands, Sint Maarten",18.0425,-63.0548,179.56252040483187,19.48051948051948,77,15,61,1,Netherlands
415,New Zealand,-40.9006,174.886,31.188870384321948,1.4627659574468086,1504,22,1482,0,New Zealand
416,Nicaragua,12.865416,-85.207229,22.099600969363365,3.756830601092896,1464,55,953,456,Nicaragua
417,Niger,17.607789,8.081666,4.040214427151298,6.646216768916156,978,65,881,32,Niger
418,Nigeria,9.082,8.6753,7.364427289747118,2.6282853566958697,15181,399,4891,9891,Nigeria
419,North Macedonia,41.6086,21.7453,177.64402077393467,4.620372872196704,3701,171,1694,1836,North Macedonia
420,Norway,60.472,8.4689,159.00415439856772,2.807424593967517,8620,242,8138,240,Norway
421,Oman,21.512583,55.92325500000001,412.62110256055763,0.4556024868302406,21071,96,7489,13486,Oman
422,"Pakistan, Azad Jammu and Kashmir",34.027401,73.947253,13.200288923177778,1.8726591760299625,534,10,237,287,Pakistan
423,"Pakistan, Balochistan",28.328491999999997,65.898403,62.157699259454155,0.977453408054216,7673,75,2673,4925,Pakistan
424,"Pakistan, Gilgit-Baltistan",35.792146,74.982138,101.61959936226302,1.4563106796116505,1030,15,673,342,Pakistan
425,"Pakistan, Islamabad",33.665087,73.121219,333.8529591761472,0.9702940737423495,6699,65,1164,5470,Pakistan
426,"Pakistan, Khyber Pakhtunkhwa",34.485332,72.09169,51.721023867252406,4.003293849369735,15787,632,3907,11248,Pakistan
427,"Pakistan, Punjab",30.811346,72.13913199999998,43.06967388288681,1.878350428432738,47382,890,9546,36946,Pakistan
428,"Pakistan, Sindh",26.009446,68.77680699999999,97.79048182528143,1.657128213889126,46828,776,22047,24005,Pakistan
429,Panama,8.538,-80.7821,445.23830713493754,2.19145281349227,19211,421,13759,5031,Panama
430,Papua New Guinea,-6.314993,143.95555,0.08941517668383027,0.0,8,0,8,0,Papua New Guinea
431,Paraguay,-23.4425,-58.4438,17.58141921590235,0.8771929824561403,1254,11,633,610,Paraguay
432,"Peru, Amazonas",-5.077253,-78.050172,233.13027179006562,2.7135678391959797,995,27,0,968,Peru
433,"Peru, Ancash",-9.407125,-77.67179499999997,498.4753515161782,5.777400169923534,5885,340,0,5545,Peru
434,"Peru, Apurimac",-14.027713,-72.975378,74.06547480845136,2.19435736677116,319,7,0,312,Peru
435,"Peru, Arequipa",-15.843524,-72.475539,318.15146253506083,1.7842149454240137,4764,85,0,4679,Peru
436,"Peru, Ayacucho",-14.091648,-74.08344,153.84615384615384,1.0700389105058363,1028,11,0,1017,Peru
437,"Peru, Cajamarca",-6.430284,-78.74559599999998,73.05496319735846,1.2241054613935969,1062,13,0,1049,Peru
438,"Peru, Callao",-11.954609,-77.136042,1312.5055314629612,2.8186109238031016,14830,418,0,14412,Peru
439,"Peru, Cusco",-13.191068,-72.153609,99.0347063591482,0.3720238095238095,1344,5,0,1339,Peru
440,"Peru, Huancavelica",-13.023888,-75.00277,167.53353408157682,0.8169934640522876,612,5,0,607,Peru
441,"Peru, Huanuco",-9.421676,-76.040642,169.27528607128764,1.709401709401709,1287,22,0,1265,Peru
442,"Peru, Ica",-14.235097,-75.574821,501.74323215750616,6.4786429593296555,4893,317,0,4576,Peru
443,"Peru, Junin",-11.541783,-74.876968,175.76202717590888,1.420810697868784,2393,34,0,2359,Peru
444,"Peru, La Libertad",-7.92139,-78.370238,329.33359777865934,4.1102077687443535,6642,273,0,6369,Peru
445,"Peru, Lambayeque",-6.353049,-79.824113,803.4787915776625,6.152677554120776,10532,648,0,9884,Peru
446,"Peru, Lima",-11.766533,-76.60449799999998,1182.1047184456884,2.1290990130531684,125640,2675,0,122965,Peru
447,"Peru, Loreto",-4.124847,-74.424115,681.1989100817439,4.442857142857143,7000,311,0,6689,Peru
448,"Peru, Madre de Dios",-11.972699,-70.53171999999998,519.5627157652474,1.6611295681063123,903,15,0,888,Peru
449,"Peru, Moquegua",-16.860271,-70.839046,377.78930980799174,0.6868131868131868,728,5,0,723,Peru
450,"Peru, Pasco",-10.39655,-75.307635,257.4475910261125,1.8571428571428568,700,13,0,687,Peru
451,"Peru, Piura",-5.133361,-80.335861,594.580078125,4.8698365771536505,12177,593,0,11584,Peru
452,"Peru, Puno",-14.995826999999998,-69.922726,42.48788368336026,1.7110266159695815,526,9,0,517,Peru
453,"Peru, San Martin",-7.039531,-76.729127,256.3361493997332,1.8213356461405033,2306,42,0,2264,Peru
454,"Peru, Tacna",-17.644160999999997,-70.27756,154.177897574124,0.8741258741258742,572,5,0,567,Peru
455,"Peru, Tumbes",-3.857496,-80.54525500000003,690.258449304175,5.4723502304147456,1736,95,0,1641,Peru
456,"Peru, Ucayali",-9.621718,-73.444929,1003.9042607367171,2.029083530605343,5914,120,0,5794,Peru
457,"Peru, Unknown",,,,,0,0,107133,-107133,Peru
458,Philippines,12.879721,121.774017,22.619779681867538,4.24416024528987,24787,1052,5454,18281,Philippines
459,Poland,51.9194,19.1451,75.5074332294799,4.276166147601217,28577,1222,13805,13550,Poland
460,Portugal,39.3999,-8.2245,354.82043369491737,4.159756771697071,36180,1505,22200,12475,Portugal
461,Qatar,25.3548,51.1839,2658.327143481913,0.09139813025539248,76588,70,53296,23222,Qatar
462,Romania,45.9432,24.9668,111.26080574572342,6.447393010652214,21404,1380,15445,4579,Romania
463,"Russia, Adygea Republic",44.6939006,40.1520421,275.92991247882554,0.9592326139088728,1251,12,708,531,Russia
464,"Russia, Altai Krai",52.693224300000004,82.69314240000001,113.14508442265794,0.7145543437382474,2659,19,1569,1071,Russia
465,"Russia, Altai Republic",50.7114101,86.8572186,100.88827540664852,0.0,220,0,124,96,Russia
466,"Russia, Amur Oblast",52.8032368,128.437295,114.47551676803305,0.5470459518599562,914,5,345,564,Russia
467,"Russia, Arkhangelsk Oblast",63.5589686,43.1221646,300.77192933850955,0.4605641911341393,3474,16,1028,2430,Russia
468,"Russia, Astrakhan Oblast",47.1878186,47.608851,258.4731020899958,0.9125475285171104,2630,24,1560,1046,Russia
469,"Russia, Bashkortostan Republic",54.8573563,57.1439682,107.0068045794384,0.4139834406623735,4348,18,1759,2571,Russia
470,"Russia, Belgorod Oblast",50.7080119,37.5837615,206.91977938880268,1.0289990645463052,3207,33,2035,1139,Russia
471,"Russia, Bryansk Oblast",52.887331499999995,33.41585300000001,398.4369709871823,0.6632124352331606,4825,32,3431,1362,Russia
472,"Russia, Buryatia Republic",52.718242599999996,109.492143,214.31959622594366,0.5213270142180095,2110,11,1235,864,Russia
473,"Russia, Chechen Republic",43.39761470000001,45.6985005,100.27968358663057,1.1797362942401108,1441,17,1121,303,Russia
474,"Russia, Chelyabinsk Oblast",54.4223954,61.1865846,120.84043794567249,0.8765695332859512,4221,37,2187,1997,Russia
475,"Russia, Chukotka Autonomous Okrug",66.0006475,169.4900869,243.17094917727158,0.8333333333333334,120,1,70,49,Russia
476,"Russia, Chuvashia Republic",55.4259922,47.0849429,314.99849323825435,0.4641567818463125,3878,18,2030,1830,Russia
477,"Russia, Dagestan Republic",43.05749160000001,47.1332224,207.8080606811287,4.8531490497879695,6367,309,4688,1370,Russia
478,"Russia, Ingushetia Republic",43.11542075,45.01713552,514.2989449700129,2.47011952191235,2510,62,1850,598,Russia
479,"Russia, Irkutsk Oblast",56.6370122,104.71922099999999,152.067531959762,0.5470459518599562,3656,20,980,2656,Russia
480,"Russia, Ivanovo Oblast",56.9167446,41.43521370000001,318.14051403149466,0.8364312267657993,3228,27,1348,1853,Russia
481,"Russia, Jewish Autonomous Okrug",48.57527615,132.66307460000002,226.52363376004544,1.0899182561307903,367,4,275,88,Russia
482,"Russia, Kabardino-Balkarian Republic",43.480604799999995,43.5978976,431.2634842024051,0.9373326191751472,3734,35,1874,1825,Russia
483,"Russia, Kaliningrad Oblast",54.7293041,21.1489473,199.4773773148777,1.5625,1984,31,976,977,Russia
484,"Russia, Kalmykia Republic",46.2313018,45.3275745,447.6912854513041,1.45985401459854,1233,18,776,439,Russia
485,"Russia, Kaluga Oblast",54.438277299999996,35.5272854,486.43553321160095,0.7921998781230957,4923,39,2444,2440,Russia
486,"Russia, Kamchatka Krai",57.191488199999995,160.03838190000005,430.98394267913557,0.7352941176470589,1360,10,413,937,Russia
487,"Russia, Karachay-Cherkess Republic",43.7368326,41.7267991,422.25581968883034,0.4570848146267141,1969,9,509,1451,Russia
488,"Russia, Karelia Republic",62.61940309999999,33.4920267,112.7739829457464,0.2849002849002849,702,2,279,421,Russia
489,"Russia, Kemerovo Oblast",54.53357809999999,87.342861,34.472816384569676,0.7534983853606028,929,7,373,549,Russia
490,"Russia, Khabarovsk Krai",51.6312684,136.121524,215.99003840993993,0.6622516556291391,2869,19,1443,1407,Russia
491,"Russia, Khakassia Republic",53.72258845,91.44293627,235.52918720105373,0.7898894154818326,1266,10,902,354,Russia
492,"Russia, Khanty-Mansi Autonomous Okrug",61.0259025,69.0982628,271.30161469166444,0.5773394274717344,4157,24,1657,2476,Russia
493,"Russia, Kirov Oblast",57.9665589,49.4074599,193.18318191948802,0.927793465106898,2479,23,1478,978,Russia
494,"Russia, Komi Republic",63.9881421,54.3326073,229.40444038517109,1.4515292897874543,1929,28,1019,882,Russia
495,"Russia, Kostroma Oblast",58.424756,44.253327299999995,165.701885830468,1.125703564727955,1066,12,575,479,Russia
496,"Russia, Krasnodar Krai",45.768401399999995,39.0261044,85.9296643835372,1.0176531671858775,4815,49,3617,1149,Russia
497,"Russia, Krasnoyarsk Krai",63.3233807,97.09799740000001,214.11459841605952,1.0391297288520864,6159,64,2129,3966,Russia
498,"Russia, Kurgan Oblast",55.7655302,64.5632681,41.985152630813324,0.0,355,0,212,143,Russia
499,"Russia, Kursk Oblast",51.6568453,36.4852695,344.2317641900332,0.5209690023443605,3839,20,2103,1716,Russia
500,"Russia, Leningrad Oblast",60.185329599999996,32.3925325,190.09645961883675,0.6670533642691415,3448,23,2578,847,Russia
501,"Russia, Lipetsk Oblast",52.693517799999995,39.112266399999996,250.2171359614537,0.3127171646977067,2878,9,1210,1659,Russia
502,"Russia, Magadan Oblast",62.48858785,153.9903764,299.81053639713787,0.925925925925926,432,4,220,208,Russia
503,"Russia, Mari El Republic",56.576750399999995,47.881751200000004,334.5873642341789,0.7446342531756461,2283,17,2026,240,Russia
504,"Russia, Mordovia Republic",54.4419829,44.466114399999995,308.05310438031637,0.8064516129032258,2480,20,1327,1133,Russia
505,"Russia, Moscow",55.7504461,37.6174943,1622.6403809612757,1.5704535935151651,202935,3187,118024,81724,Russia
506,"Russia, Moscow Oblast",55.50431579999999,38.0353929,638.5251456509295,1.3900774352445158,47911,666,14955,32290,Russia
507,"Russia, Murmansk Oblast",68.00004179999999,33.9999151,506.6637294856262,0.18334206390780514,3818,7,2663,1148,Russia
508,"Russia, Nenets Autonomous Okrug",68.27557185,57.1686375,184.1034615996545,0.0,81,0,32,49,Russia
509,"Russia, Nizhny Novgorod Oblast",55.47180329999999,44.091159399999995,419.25934352927214,1.1723934522931723,13562,159,6580,6823,Russia
510,"Russia, North Ossetia - Alania Republic",42.79336110000001,44.6324493,495.4650060917828,1.6681046879493815,3477,58,3186,233,Russia
511,"Russia, Novgorod Oblast",58.2843833,32.516975699999996,315.4288050969865,0.6272869837950863,1913,12,472,1429,Russia
512,"Russia, Novosibirsk Oblast",54.9720169,79.48139240000002,145.9024852188125,1.228803145736053,4069,50,1907,2112,Russia
513,"Russia, Omsk Oblast",56.09352629999999,73.5099936,105.25075239237562,1.1148812409112945,2063,23,1189,851,Russia
514,"Russia, Orel Oblast",52.96854329999999,36.0692477,453.932903042769,1.0318396226415094,3392,35,1655,1702,Russia
515,"Russia, Orenburg Oblast",52.02692620000001,54.7276647,133.63873551362178,0.4161937192584185,2643,11,1872,760,Russia
516,"Russia, Penza Oblast",53.1655415,44.78791810000001,265.4591467009098,0.7920792079207921,3535,28,2823,684,Russia
517,"Russia, Perm Krai",58.5951603,56.3159546,95.53501514607404,1.5163607342378291,2506,38,1689,779,Russia
518,"Russia, Primorsky Krai",45.0819456,134.726645,141.24138738560728,0.9622501850481124,2702,26,1634,1042,Russia
519,"Russia, Pskov Oblast",57.535872899999994,28.8586826,241.14518039544672,1.0423452768729642,1535,16,506,1013,Russia
520,"Russia, Rostov Oblast",47.6222451,40.7957942,169.46052223790247,0.8948545861297539,7152,64,2831,4257,Russia
521,"Russia, Ryazan Oblast",54.42267320000001,40.57052460000001,387.4365344180962,0.2531645569620253,4345,11,2007,2327,Russia
522,"Russia, Saint Petersburg",59.960673899999996,30.158655100000004,374.5000639955455,2.7989821882951653,20043,561,9276,10206,Russia
523,"Russia, Sakha (Yakutiya) Republic",66.941626,129.642371,300.51953169558135,0.6901311249137336,2898,20,1751,1127,Russia
524,"Russia, Sakhalin Oblast",49.7219665,143.448533,62.22191394607298,0.0,305,0,71,234,Russia
525,"Russia, Samara Oblast",53.2128813,50.8914633,111.10018618988363,1.1273957158962795,3548,40,1741,1767,Russia
526,"Russia, Saratov Oblast",51.652055499999996,46.86319520000001,177.1046915284517,0.848234754699679,4362,37,1980,2345,Russia
527,"Russia, Smolensk Oblast",55.03434960000001,33.0192065,380.1556436628086,1.3022998060404545,3609,47,1394,2168,Russia
528,"Russia, Stavropol Krai",44.86325770000001,43.4406913,125.29126917306334,1.9093758905671128,3509,67,1846,1596,Russia
529,"Russia, Sverdlovsk Oblast",58.6414755,61.802154599999994,204.05728585776197,0.5438477226376615,8826,48,3912,4866,Russia
530,"Russia, Tambov Oblast",52.9019574,41.3578918,364.7615214328839,0.26525198938992045,3770,10,1788,1972,Russia
531,"Russia, Tatarstan Republic",55.7648572,52.43104273,98.1695223049988,0.26157467957101754,3823,10,3611,202,Russia
532,"Russia, Tomsk Oblast",58.6124279,82.04753149999998,108.22791853692918,0.9425878320479862,1167,11,564,592,Russia
533,"Russia, Tula Oblast",53.9570701,37.369090899999996,345.0067198219666,1.088012434427822,5147,56,3170,1921,Russia
534,"Russia, Tver Oblast",57.1134475,35.174442799999994,193.78863797275898,2.009646302250804,2488,50,1611,827,Russia
535,"Russia, Tyumen Oblast",58.8206488,70.36588370000001,56.03401581627126,0.6283228612856452,2069,13,1222,834,Russia
536,"Russia, Tyva Republic",51.401714899999995,93.8582593,684.7526746694351,0.09078529278256922,2203,2,373,1828,Russia
537,"Russia, Udmurt Republic",57.1961165,52.69598320000001,69.59480358799877,1.1396011396011396,1053,12,551,490,Russia
538,"Russia, Ulyanovsk Oblast",54.146317700000004,47.2324921,291.42848891962086,0.495458298926507,3633,18,1255,2360,Russia
539,"Russia, Vladimir Oblast",56.0503336,40.656163299999996,245.9485597499015,1.297935103244838,3390,44,1667,1679,Russia
540,"Russia, Volgograd Oblast",49.604833899999996,44.29035820000001,176.89455656580242,0.5605381165919282,4460,25,1732,2703,Russia
541,"Russia, Vologda Oblast",60.0391461,43.1215213,103.7657358911318,1.0647010647010646,1221,13,693,515,Russia
542,"Russia, Voronezh Oblast",50.9800393,40.15065070000001,171.09669855786862,0.5259203606311045,3993,21,1944,2028,Russia
543,"Russia, Yamalo-Nenets Autonomous Okrug",67.1471631,74.3415488,573.0233387243825,0.4860661049902787,3086,15,1487,1584,Russia
544,"Russia, Yaroslavl Oblast",57.77819760000001,39.002109499999996,313.11132952616924,0.4037345445369669,3963,16,1639,2308,Russia
545,"Russia, Zabaykalsky Krai",52.248521000000004,115.956325,171.6060499288781,2.1727322107550244,1841,40,1076,725,Russia
546,Rwanda,-1.9403,29.8739,3.9375522739016953,0.392156862745098,510,2,321,187,Rwanda
547,Saint Kitts and Nevis,17.357822,-62.782998,28.19972928259889,0.0,15,0,15,0,Saint Kitts and Nevis
548,Saint Lucia,13.9094,-60.9789,10.346949555898034,0.0,19,0,18,1,Saint Lucia
549,Saint Vincent and the Grenadines,12.9843,-61.2872,24.335944189567996,0.0,27,0,25,2,Saint Vincent and the Grenadines
550,San Marino,43.9424,12.4578,2044.9054157581472,6.051873198847263,694,42,520,132,San Marino
551,Sao Tome and Principe,0.18636,6.613081,291.56647396206444,1.8779342723004693,639,12,156,471,Sao Tome and Principe
552,Saudi Arabia,23.885942,45.079162,344.5236347918489,0.7445265211518901,119942,893,81029,38020,Saudi Arabia
553,Senegal,14.4974,-14.4524,28.97169302547252,1.1544011544011543,4851,56,3100,1695,Senegal
554,Serbia,44.0165,21.0059,139.34399023962592,2.0698151950718686,12175,252,11411,512,Serbia
555,Seychelles,-4.6796,55.492,11.185682326621924,0.0,11,0,11,0,Seychelles
556,Sierra Leone,8.460555000000001,-11.779889,13.827279354292381,4.623753399818677,1103,51,648,404,Sierra Leone
557,Singapore,1.2833,103.8333,681.1566432942477,0.06273525721455459,39850,25,28040,11785,Singapore
558,Slovakia,48.669,19.699,28.24360493900425,1.8158236057068744,1542,28,1409,105,Slovakia
559,Slovenia,46.1512,14.9955,71.67141590008715,7.315436241610738,1490,109,1359,22,Slovenia
560,Somalia,5.152149,46.199616,15.811774820443866,3.382411460405889,2513,85,532,1896,Somalia
561,South Africa,-30.5595,22.9375,104.41471561755958,2.1864453307927074,61927,1354,35006,25567,South Africa
562,South Sudan,6.877000000000002,31.307,14.919067631528332,1.4371257485029942,1670,24,48,1598,South Sudan
563,"Spain, Andalusia",37.5443,-4.7278,152.05155086292876,10.956766037146869,12814,1404,10671,739,Spain
564,"Spain, Aragon",41.5976,-0.9057,441.69785231707743,14.16080918909652,5833,826,3772,1235,Spain
565,"Spain, Asturias",43.3614,-5.8593,238.21053506879738,12.895277207392196,2435,314,1063,1058,Spain
566,"Spain, Baleares",39.710358,2.995148,180.60628503139148,9.739049394221807,2146,209,1533,404,Spain
567,"Spain, C. Valenciana",39.484,-0.7533,228.92604958945472,11.69549565370094,11389,1332,9970,87,Spain
568,"Spain, Canarias",28.2916,-16.6291,107.57165817587651,6.360572872788542,2374,151,1537,686,Spain
569,"Spain, Cantabria",43.1828,-3.9878,400.0749603277623,8.680704770090244,2327,202,2287,-162,Spain
570,"Spain, Castilla - La Mancha",39.2796,-3.0977,871.7971651357798,16.600901916572713,17740,2945,6392,8403,Spain
571,"Spain, Castilla y Leon",41.8357,-4.3976,801.4177651757899,9.991708126036484,19296,1928,8716,8652,Spain
572,"Spain, Catalonia",41.5912,1.5209,787.5972172349158,9.375262195224273,59593,5587,26203,27803,Spain
573,"Spain, Ceuta",35.8894,-5.3213,192.15126902356502,2.4539877300613497,163,4,163,-4,Spain
574,"Spain, Extremadura",39.4937,-6.0679,280.0762888765412,17.024128686327078,2984,508,2652,-176,Spain
575,"Spain, Galicia",42.5751,-8.1339,339.09276299685865,6.650649776127553,9157,609,9204,-656,Spain
576,"Spain, La Rioja",42.2871,-2.5396,1296.6760319034606,8.903098868666994,4066,362,3107,597,Spain
577,"Spain, Madrid",40.4168,-3.7038,1057.4331766102064,12.374877190984039,70231,8691,40736,20804,Spain
578,"Spain, Melilla",35.2923,-2.9381,144.05648903635654,1.639344262295082,122,2,125,-5,Spain
579,"Spain, Murcia",37.9922,-1.1307,109.43338645916448,9.090909090909092,1628,148,2180,-700,Spain
580,"Spain, Navarra",42.6954,-1.6761,816.6832321454398,9.231348907309721,5308,490,3905,913,Spain
581,"Spain, Pais Vasco",42.9896,-2.6189,624.5982331441585,10.468279056090568,13603,1424,16160,-3981,Spain
582,"Spain, Unknown",,,,,0,0,0,0,Spain
583,Sri Lanka,7.873054,80.77179699999998,8.779610755023175,0.5851063829787234,1880,11,1196,673,Sri Lanka
584,Sudan,12.8628,30.2176,15.687832789185151,6.294519552260502,6879,433,2416,4030,Sudan
585,Suriname,3.9193,-56.0278,31.87677495678736,1.60427807486631,187,3,9,175,Suriname
586,"Sweden, Blekinge",56.2784,15.017999999999999,214.9042015964312,2.0408163265306123,343,7,0,336,Sweden
587,"Sweden, Dalarna",61.0917,14.6664,476.4451358840975,11.005830903790088,1372,151,0,1221,Sweden
588,"Sweden, Gavleborg",61.3012,16.1534,590.1552637256335,6.9575471698113205,1696,118,0,1578,Sweden
589,"Sweden, Gotland",57.4684,18.4867,177.59608618436485,5.660377358490566,106,6,0,100,Sweden
590,"Sweden, Halland",56.8967,12.8034,305.52826435982837,5.882352941176472,1020,60,0,960,Sweden
591,"Sweden, Jamtland Harjedalen",63.1712,14.9592,658.9710266799175,4.524361948955916,862,39,0,823,Sweden
592,"Sweden, Jonkoping",57.3708,14.3439,587.7353898113031,7.1127749181095,2137,152,0,1985,Sweden
593,"Sweden, Kalmar",57.235,16.1849,186.19166741360627,8.971553610503284,457,41,0,416,Sweden
594,"Sweden, Kronoberg",56.7183,14.4115,483.94542088360987,8.615384615384615,975,84,0,891,Sweden
595,"Sweden, Norrbotten",66.8309,20.3992,227.91521553981917,9.824561403508772,570,56,0,514,Sweden
596,"Sweden, Orebro",59.535,15.0066,681.4192680566264,6.884930187770824,2077,143,0,1934,Sweden
597,"Sweden, Ostergotland",58.3454,15.5198,519.4470402474785,8.643507030603805,2418,209,0,2209,Sweden
598,"Sweden, Skane",55.9903,13.5958,159.52655884955078,9.326660600545953,2198,205,0,1993,Sweden
599,"Sweden, Sormland",59.0336,16.7519,567.3186798413659,13.803317535545025,1688,233,0,1455,Sweden
600,"Sweden, Stockholm",59.6025,18.1384,659.3380705158975,13.94117271741211,15673,2185,0,13488,Sweden
601,"Sweden, Uppsala",60.0092,17.2715,625.4674717822958,8.0,2400,192,0,2208,Sweden
602,"Sweden, Varmland",59.7294,13.2354,256.00713845630884,6.77731673582296,723,49,0,674,Sweden
603,"Sweden, Vasterbotten",65.3337,16.5162,207.18638678717582,5.3285968028419175,563,30,0,533,Sweden
604,"Sweden, Vasternorrland",63.4276,17.7292,395.76599673116027,9.783728115345003,971,95,0,876,Sweden
605,"Sweden, Vastmanland",59.6714,16.2159,610.1252514999366,9.03149138443256,1683,152,0,1531,Sweden
606,"Sweden, Vastra Gotaland",58.2528,13.0596,565.0447510575758,6.63453650533224,9752,647,0,9105,Sweden
607,Switzerland,46.8182,8.2275,358.91820990828245,6.238933779737952,31063,1938,28800,325,Switzerland
608,Syria,34.802075,38.99681500000001,0.9371076754432704,3.6585365853658534,164,6,68,90,Syria
609,Taiwan*,23.7,121.0,1.8600335267894164,1.580135440180587,443,7,431,5,Taiwan*
610,Tajikistan,38.861034,71.276093,51.39635142522648,0.999592003263974,4902,49,3158,1695,Tajikistan
611,Tanzania,-6.369028,34.888822,0.852107987092757,4.12573673870334,509,21,183,305,Tanzania
612,Thailand,15.870032,100.992541,4.482809435842516,1.8536273569830617,3129,58,2987,84,Thailand
613,Timor-Leste,-8.874217,125.727539,1.8203303596214317,0.0,24,0,24,0,Timor-Leste
614,Togo,8.6195,0.8248,6.341547025832564,2.4761904761904763,525,13,279,233,Togo
615,Trinidad and Tobago,10.6918,-61.2225,8.360182380594088,6.837606837606838,117,8,109,0,Trinidad and Tobago
616,Tunisia,33.886917,9.537499,9.24812021168634,4.4830741079597445,1093,49,995,49,Tunisia
617,Turkey,38.9637,35.2433,207.75425462081532,2.7268887899645016,175218,4778,149102,21338,Turkey
618,"US, Alabama",32.88428035358209,-86.71012237686571,699.2182416544686,2.8647029862906397,23710,769,0,22941,US
619,"US, Alaska",60.96219536722223,-145.35176280555555,63.48606734051495,1.8667442838523423,624,12,0,612,US
620,"US, Arizona",33.675903642,-111.46323212666667,801.3268532292534,3.9745378813083354,33039,1156,0,31883,US
621,"US, Arkansas",34.9302123831081,-92.43308954189189,441.31760747351854,1.5929240852533981,11547,176,0,11371,US
622,"US, California",37.778247709649115,-120.7286663122807,210.18309169543016,2.155065648729145,146659,4978,0,141681,US
623,"US, Colorado",38.90239628983332,-105.51943618666662,424.9642038916224,3.0323825079882014,28807,1582,0,27225,US
624,"US, Connecticut",41.61368014,-72.65682967875,914.4098288245619,7.82118726125157,44689,4159,0,40530,US
625,"US, Delaware",39.10927682333334,-75.53323745666665,1161.2855951821277,3.228710041265434,10173,414,0,9759,US
626,"US, Diamond Princess",,,,0.0,49,0,0,49,US
627,"US, District of Columbia",38.90417773,-77.01655992,1367.9084206991438,5.241350735446448,9654,506,0,9148,US
628,"US, Florida",28.94075487910448,-82.70074390925375,344.3387311728137,3.7856716415928804,70971,2877,0,68094,US
629,"US, Georgia",32.80853214484278,-83.57742992610066,619.612619358463,4.259077134118226,55783,2418,0,53365,US
630,"US, Grand Princess",,,,2.9126213592233015,103,3,0,100,US
631,"US, Guam",13.4443,144.7937,111.42977184297537,2.7322404371584703,183,5,0,178,US
632,"US, Hawaii",20.99064747,-157.41445579999998,47.3384115231208,1.466101694915254,706,17,0,689,US
633,"US, Idaho",44.2455295545946,-114.58288728378378,225.4406586339486,1.4403423493587542,3353,87,0,3266,US
634,"US, Illinois",39.845604837920796,-89.16546062168317,279.9153166456869,3.431557677853807,131198,6260,0,124938,US
635,"US, Indiana",39.83735316565217,-86.21856844913039,432.69551245273135,5.105412046643485,39146,2396,0,36750,US
636,"US, Iowa",42.02991002353537,-93.46551942343434,586.3270086093379,2.42004426929453,23350,644,0,22706,US
637,"US, Kansas",38.413820788043466,-97.8195662497826,364.83226396885624,2.1702650366772325,10973,243,0,10730,US
638,"US, Kentucky",37.61460527151261,-85.20954889075628,189.44408057691228,3.243534411802901,12166,497,0,11669,US
639,"US, Louisiana",31.092427383437492,-91.82418665609377,898.2899883207742,6.695161684668961,44995,2996,0,41999,US
640,"US, Maine",44.68768840625,-69.523768628125,115.48248132807296,3.9210940204918727,2721,100,0,2621,US
641,"US, Maryland",39.014920690416666,-76.67546760874998,661.6004586183725,5.229626660114552,60613,2900,0,57713,US
642,"US, Massachusetts",42.17639998153847,-71.57704993461539,1176.0721696165156,7.59703904217758,105059,7538,0,97521,US
643,"US, Michigan",44.01164928353657,-85.13130273939028,235.02539970999706,5.751119238637156,65672,5990,0,59682,US
644,"US, Minnesota",45.48644600329411,-94.47133968423526,390.48191701118714,3.350175709705859,29795,1305,0,28490,US
645,"US, Mississippi",32.79355882555555,-89.62932823901235,806.8115545904526,4.6387006299364675,19091,881,0,18210,US
646,"US, Missouri",38.456764881637945,-92.4994868846552,143.00633013385507,2.1396435350597716,15997,881,0,15116,US
647,"US, Montana",46.81118511272727,-110.69102515454544,74.84881294325406,2.278587622938552,573,18,0,555,US
648,"US, Nebraska",41.31246883414631,-98.88514892560973,548.3822938715012,2.6627101373086792,16522,215,0,16307,US
649,"US, Nevada",39.347973615624994,-117.55974313749998,162.08326647100213,2.3609748400590886,10704,461,0,10243,US
650,"US, New Hampshire",43.478972876,-71.57765670500001,207.52608417915476,2.8969658432569463,5251,315,0,4936,US
651,"US, New Jersey",40.286440910952386,-74.62244971476191,1603.5716998533944,7.449437903775978,166164,12489,0,153675,US
652,"US, New Mexico",34.5036842278125,-105.91639915312498,321.15063147041434,4.454136706344757,9526,420,0,9106,US
653,"US, New York",42.67159317862068,-75.57969394672415,649.298580273166,5.025259748778523,381714,30758,0,350956,US
654,"US, North Carolina",35.62420971000002,-79.50109873960002,375.5273083603764,2.7168896881641222,41417,1121,0,40296,US
655,"US, North Dakota",47.42272893282608,-100.08290302065218,154.09905686359684,2.1823126128879973,3016,74,0,2942,US
656,"US, Northern Mariana Islands",15.0979,145.6739,54.403017554040325,6.666666666666668,30,2,0,28,US
657,"US, Ohio",40.310669812954565,-82.83540800659091,294.73212157597845,5.391876226544102,40424,2510,0,37914,US
658,"US, Oklahoma",35.499976496081075,-97.14946544324326,221.22063813856118,4.538420936166051,7849,360,0,7489,US
659,"US, Oregon",44.459642409117635,-121.55694340882353,100.43432535819501,1.8325079361229526,5377,173,0,5204,US
660,"US, Pennsylvania",40.81807835477611,-77.61531783850747,334.93711986937296,5.408982787010042,82481,6162,0,76319,US
661,"US, Puerto Rico",18.2208,-66.5901,188.72246888261026,2.6372832369942203,5536,146,0,5390,US
662,"US, Recovered",,,,,0,0,547386,-621891,US
663,"US, Rhode Island",41.655142106,-71.464105098,751.4066808341338,7.424242424242425,15947,833,0,15114,US
664,"US, South Carolina",33.957472131086966,-80.9833996921739,393.4930470135863,3.545750678784097,17170,593,0,16577,US
665,"US, South Dakota",44.22515872896551,-99.03221703241377,357.83126088811946,0.5986102932432521,5742,74,0,5668,US
666,"US, Tennessee",35.88510221221052,-86.10872298863156,496.72795671761486,1.5588715632196966,29118,466,0,28652,US
667,"US, Texas",31.688332626118143,-98.48327895974678,250.486655255057,3.1224582224601867,84927,1956,0,82971,US
668,"US, Utah",40.014400114615384,-111.46087804615384,528.6048853722016,0.5919369605340667,13577,139,0,13438,US
669,"US, Vermont",44.159495798571434,-72.68438070571429,128.02589933599336,2.0813267163977685,1119,55,0,1064,US
670,"US, Virgin Islands",18.3358,-64.8963,67.12160196890032,8.333333333333334,72,6,0,66,US
671,"US, Virginia",37.56615032526316,-78.51371173503755,508.25778185818945,2.9972362753849655,53211,1534,0,51677,US
672,"US, Washington",47.23378642,-120.71922041538465,221.24911292489347,2.873792324366352,25171,1204,0,23967,US
673,"US, West Virginia",38.81169193981132,-80.6194920879245,109.64784086437703,2.7817226586551627,2249,88,0,2161,US
674,"US, Wisconsin",44.395143494861124,-89.79797998097222,165.5212291398774,4.793383536767486,22246,689,0,21557,US
675,"US, Wyoming",43.086885505217396,-107.15324220434782,166.73491895207533,0.24154589371980673,1027,18,0,1009,US
676,Uganda,1.373333,32.290275,1.499748584420979,0.0,686,0,161,525,Uganda
677,"Ukraine, Cherkasy Oblast",49.4444,32.0598,42.856515226497095,3.67504835589942,517,19,352,146,Ukraine
678,"Ukraine, Chernihiv Oblast",51.4982,31.2893,36.3909340836892,2.1857923497267757,366,8,81,277,Ukraine
679,"Ukraine, Chernivtsi Oblast",48.2917,25.9352,423.60793211658006,4.254763769250848,3831,163,1200,2468,Ukraine
680,"Ukraine, Crimea Republic*",45.2835,34.2008,25.23865684362118,1.4492753623188406,483,7,357,119,Ukraine
681,"Ukraine, Dnipropetrovsk Oblast",48.4647,35.0462,30.65669892533145,2.2380467955239065,983,22,702,259,Ukraine
682,"Ukraine, Donetsk Oblast",48.0159,37.8028,6.6972306831103285,2.150537634408602,279,6,122,151,Ukraine
683,"Ukraine, Ivano-Frankivsk Oblast",48.9226,24.7111,121.53632399588713,5.392450569203116,1669,90,1001,578,Ukraine
684,"Ukraine, Kharkiv Oblast",49.9935,36.2304,53.2964967083994,3.9971949509116413,1426,57,692,677,Ukraine
685,"Ukraine, Kherson Oblast",46.6354,32.6169,17.25068424501754,1.675977653631285,179,3,174,2,Ukraine
686,"Ukraine, Khmelnytskyi Oblast",49.423,26.9871,41.82793615902523,2.6465028355387523,529,14,387,128,Ukraine
687,"Ukraine, Kiev",50.4501,30.5234,127.62640639826486,2.2570366436537443,3766,85,1132,2549,Ukraine
688,"Ukraine, Kiev Oblast",50.053,30.7667,109.22316368202542,1.9678922837907822,1931,38,648,1245,Ukraine
689,"Ukraine, Kirovohrad Oblast",48.5079,32.2623,60.07092176079718,5.28169014084507,568,30,453,85,Ukraine
690,"Ukraine, Luhansk Oblast",48.574,39.3078,2.5094884221963323,0.0,54,0,45,9,Ukraine
691,"Ukraine, Lviv Oblast",49.8397,24.0297,100.15777029612364,3.5629453681710213,2526,90,598,1838,Ukraine
692,"Ukraine, Mykolaiv Oblast",46.975,31.9946,12.529633972119978,2.2151898734177213,316,7,206,103,Ukraine
693,"Ukraine, Odessa Oblast",46.4846,30.7326,44.74210900438094,1.6901408450704225,1065,18,422,625,Ukraine
694,"Ukraine, Poltava Oblast",49.5883,34.5514,19.779511995881293,4.693140794223827,277,13,256,8,Ukraine
695,"Ukraine, Rivne Oblast",50.6199,26.2516,192.77612306565013,2.061855670103093,2231,46,1194,991,Ukraine
696,"Ukraine, Sevastopol*",44.6054,33.522,40.3870842555803,1.675977653631285,179,3,151,25,Ukraine
697,"Ukraine, Sumy Oblast",50.9077,34.7981,18.86412099669138,2.4509803921568634,204,5,161,38,Ukraine
698,"Ukraine, Ternopil Oblast",49.5535,25.5948,131.18152291039402,1.8950437317784257,1372,26,1007,339,Ukraine
699,"Ukraine, Vinnytsia Oblast",49.2331,28.4682,84.40176006829043,1.5186028853454825,1317,20,832,465,Ukraine
700,"Ukraine, Volyn Oblast",50.7472,25.3254,126.81946818888665,3.046458492003046,1313,40,378,895,Ukraine
701,"Ukraine, Zakarpattia Oblast",48.6208,22.2879,119.82794425852282,2.523240371845949,1506,38,675,793,Ukraine
702,"Ukraine, Zaporizhia Oblast",47.8388,35.1396,30.190475520507245,2.9126213592233015,515,15,322,178,Ukraine
703,"Ukraine, Zhytomyr Oblast",50.2547,28.6587,83.01965344826597,1.6781836130306025,1013,17,527,469,Ukraine
704,United Arab Emirates,23.424076,53.847818,419.58869206503283,0.6915829297091496,41499,287,25946,15266,United Arab Emirates
705,"United Kingdom, Anguilla",18.2206,-63.0686,19.99733368884149,0.0,3,0,3,0,United Kingdom
706,"United Kingdom, Bermuda",32.3078,-64.7505,226.42236603343346,6.382978723404255,141,9,127,5,United Kingdom
707,"United Kingdom, British Virgin Islands",18.4207,-64.64,26.457651222012768,12.5,8,1,7,0,United Kingdom
708,"United Kingdom, Cayman Islands",19.3133,-81.2546,284.5404747413268,0.5347593582887701,187,1,115,71,United Kingdom
709,"United Kingdom, Channel Islands",49.3723,-2.3644,331.3802426993707,8.495575221238939,565,48,512,5,United Kingdom
710,"United Kingdom, England",52.3555,-1.1743,279.417334200353,23.699891311297232,156410,37069,0,119341,United Kingdom
711,"United Kingdom, Falkland Islands (Malvinas)",-51.7963,-59.5236,373.2414585127763,0.0,13,0,13,0,United Kingdom
712,"United Kingdom, Gibraltar",36.1408,-5.3536,522.3947048173103,0.0,176,0,172,4,United Kingdom
713,"United Kingdom, Isle of Man",54.2361,-4.5481,395.14535704205474,7.142857142857142,336,24,312,0,United Kingdom
714,"United Kingdom, Montserrat",16.742498,-62.187366,220.0440088017604,9.090909090909092,11,1,10,0,United Kingdom
715,"United Kingdom, Northern Ireland",54.7877,-6.4923,257.1215986394558,11.120297643654403,4838,538,0,4300,United Kingdom
716,"United Kingdom, Scotland",56.4907,-4.2026,287.5368367104131,15.526131516964798,15709,2439,0,13270,United Kingdom
717,"United Kingdom, Turks and Caicos Islands",21.69400000000001,-71.7979,30.99333643266697,8.333333333333334,12,1,11,0,United Kingdom
718,"United Kingdom, Unknown",,,,0.0,101335,0,0,101335,United Kingdom
719,"United Kingdom, Wales",52.1307,-3.7837,467.0235136685146,9.789875835721107,14658,1435,0,13223,United Kingdom
720,Uruguay,-32.5228,-55.7658,24.383032978699823,2.7154663518299884,847,23,780,44,Uruguay
721,Uzbekistan,41.377491,64.585262,14.547703994947716,0.390223865270076,4869,19,3758,1092,Uzbekistan
722,Venezuela,6.4238,-66.5897,10.12451037758797,0.798888502952414,2879,23,487,2369,Venezuela
723,Vietnam,14.058324,108.277199,0.3421048362703205,0.0,333,0,323,10,Vietnam
724,West Bank and Gaza,31.9522,35.2332,9.585573887720583,0.6134969325153374,489,3,414,72,West Bank and Gaza
725,Western Sahara,24.2155,-12.8858,1.5067048365225253,11.111111111111109,9,1,6,2,Western Sahara
726,Yemen,15.552727,48.516388,2.1189588884424477,21.99367088607595,632,139,28,465,Yemen
727,Zambia,-13.133897,27.849332,7.185613368526338,0.757002271006813,1321,10,1104,207,Zambia
728,Zimbabwe,-19.015438,29.154857,2.30775539703586,1.1661807580174928,343,4,51,288,Zimbabwe
